"name","sport","height","weight","age","link","img","gender"
"Aaron Russell","volleyball",81,205,23.186301369863,"http://www.teamusa.org/usa-volleyball/athletes/Aaron-Russell","http://www.teamusa.org/~/media/USA_Volleyball/Images/Athlete-Head-Shots/Men-Indoor/USA2AaronRussell.jpg","M"
"AbbeyWeitzeil","swimming",70,150,19.6849315068493,"http://www.teamusa.org/usa-swimming/athletes/Abbey-Weitzeil","http://www.teamusa.org/~/media/TeamUSA/Headshots/2016OlympicTeam/Swimming/Weitzeil_abbey_150x250.jpg","F"
"Abby Johnston","diving",65,135,26.7369863013699,"http://www.teamusa.org/usa-diving/athletes/Abby-Johnston","http://www.teamusa.org/~/media/USA-Diving/Headshots/Johnston-Abby-headshot.jpg","F"
"Adeline Gray","wrestling",68,170,25.572602739726,"http://www.teamusa.org/USA-Wrestling/Athlete-Bios/GR/Adeline-Gray","http://www.teamusa.org/~/media/USA_Wrestling/Athlete-Bios/2015-Athlete-Mugs/AdelineGray150x250.jpg","F"
"Adrienne Martelli","rowing",73,170,28.6931506849315,"http://www.teamusa.org/us-rowing/athletes/Adrienne-Martelli","http://www.teamusa.org/~/media/TeamUSA/Rowing/Misc/martelli_adrienne_150x250.jpg","F"
"Alev Kelter","rugby",66,165,25.3945205479452,"http://www.teamusa.org/usa-rugby/athletes/Alev-Kelter","http://www.teamusa.org/~/media/TeamUSA/Headshots/Pam-Am-Games-2015/Rugby-Women/Rugby_Women_Kelter_Alev.jpg","F"
"Alex Bowen","water polo",77,220,22.9342465753425,"http://www.teamusa.org/usa-water-polo/athletes/Alex-Bowen","http://www.teamusa.org/~/media/TeamUSA/Headshots/Pam-Am-Games-2015/Water-Polo-Men/Water_Polo_Men_Bowen_Alex.jpg","M"
"Alex Karwoski","rowing",76,200,25.9041095890411,"http://www.teamusa.org/us-rowing/athletes/Alex-Karwoski","http://www.teamusa.org/~/media/TeamUSA/Rowing/Karwoski_Alex/Karwoski_Alex_150x250.jpg","M"
"Alex Morgan","soccer",68,137,27.1123287671233,"http://www.teamusa.org/us-soccer/athletes/Alex-Morgan","http://www.teamusa.org/~/media/TeamUSA/Headshots/2016OlympicTeam/Soccer/Morgan_Alex_150x250.jpg","F"
"Alex Naddour","gymnastics",67,155,25.441095890411,"http://www.teamusa.org/usa-gymnastics/athletes/Alex-Naddour","http://www.teamusa.org/~/media/TeamUSA/Headshots/naddour_alex_150x250.jpg","M"
"Alex Obert","water polo",78,233,24.6493150684932,"http://www.teamusa.org/usa-water-polo/athletes/Alex-Obert","http://www.teamusa.org/~/media/TeamUSA/Headshots/Pam-Am-Games-2015/Water-Polo-Men/Water_Polo_Men_Obert_Alex.jpg","M"
"Alex Roelse","water polo",79,255,21.5835616438356,"http://www.teamusa.org/usa-water-polo/athletes/Alex-Roelse","http://www.teamusa.org/~/media/TeamUSA/Headshots/Pam-Am-Games-2015/Water-Polo-Men/Water_Polo_Men_Roelse_Alex.jpg","M"
"Alexander Massialas","fencing",74,170,22.3095890410959,"http://www.teamusa.org/usa-fencing/athletes/Alexander-Massialas","http://www.teamusa.org/~/media/TeamUSA/Headshots/Pam-Am-Games-2015/Fencing/Fencing_Massialas_Alexander.jpg","M"
"Ali Krieger","soccer",66,138,32.0438356164384,"http://www.teamusa.org/us-soccer/athletes/Ali-Krieger","http://www.teamusa.org/~/media/TeamUSA/Headshots/2016OlympicTeam/Soccer/Krieger_Ali_150x250.jpg","F"
"Alisa Kano","gymnastics",64,105,21.758904109589,"http://www.teamusa.org/usa-gymnastics/athletes/Alisa-Kano","http://www.teamusa.org/~/media/TeamUSA/Headshots/Pam-Am-Games-2015/Gymnastics-Women/Gymnastics_Rhythmic_Kano_Alisa.jpg","M"
"Alise Post","cycling",62,125,25.5671232876712,"http://www.teamusa.org/usa-cycling/athletes/Alise-Post","http://www.teamusa.org/~/media/TeamUSA/Headshots/Pam-Am-Games-2015/Cycling-Women/Cycling_BMX_Post_Alise.jpg","M"
"Alisha Glass","volleyball",72,158,28.3534246575342,"http://www.teamusa.org/usa-volleyball/athletes/Alisha-Glass","http://www.teamusa.org/~/media/USA_Volleyball/Images/WNT/2013-Head-Shots/USAVAlishaGlass.jpg","F"
"Allie Long","soccer",68,140,29,"http://www.teamusa.org/us-soccer/athletes/Allie-Long","http://www.teamusa.org/~/media/TeamUSA/Headshots/2016OlympicTeam/Soccer/Long_Allie_150x250.jpg","F"
"Allison Schmitt","swimming",73,165,26.1808219178082,"http://www.teamusa.org/usa-swimming/athletes/Allison-Schmitt","http://www.teamusa.org/~/media/TeamUSA/Headshots/2016OlympicTeam/Swimming/Schmitt_allison_150x250.jpg","F"
"Allyson Felix","track and field",66,125,30.7342465753425,"http://www.teamusa.org/usa-track-and-field/athletes/Allyson-Felix","http://www.teamusa.org/~/media/TeamUSA/Headshots/2016OlympicHopefuls/felix_allyson_150x250.jpg","F"
"Aly Raisman","gymnastics",62,115,22.213698630137,"http://www.teamusa.org/usa-gymnastics/athletes/Alexandra-Raisman","http://www.teamusa.org/~/media/TeamUSA/Galleries/Alexandra-Raisman-2012/AlyRaisman_headshot.jpg","F"
"Alyssa Naeher","soccer",69,152,28.3123287671233,"http://www.teamusa.org/us-soccer/athletes/Alyssa-Naeher","http://www.teamusa.org/~/media/TeamUSA/Headshots/2016OlympicTeam/Soccer/naeher_alyssa_150x250.jpg","F"
"Amanda Elmore","rowing",71,175,25.4164383561644,"http://www.teamusa.org/us-rowing/athletes/Amanda-Elmore","http://www.teamusa.org/~/media/TeamUSA/Rowing/Elmore_Amanda/Elmore_Amanda_150x250.jpg","F"
"Amanda Polk","rowing",71,185,30.0301369863014,"http://www.teamusa.org/us-rowing/athletes/Amanda-Polk","http://www.teamusa.org/~/media/TeamUSA/Rowing/Misc/Polk_Amanda_150x250.jpg","F"
"Amanda Weir","swimming",74,170,30.4246575342466,"http://www.teamusa.org/usa-swimming/athletes/Amanda-Weir","http://www.teamusa.org/~/media/TeamUSA/Headshots/2016OlympicTeam/Swimming/Weir_Amanda_150x250.jpg","F"
"Amber Campbell","track and field",67,200,35.1917808219178,"http://www.teamusa.org/usa-track-and-field/athletes/Amber-Campbell","http://www.teamusa.org/~/media/TeamUSA/Headshots/Pam-Am-Games-2015/Track-and-Field/Athletics_Campbell_Amber.jpg","F"
"Amy Cozad","diving",63,113,25.2684931506849,"http://www.teamusa.org/usa-diving/athletes/Amy-Cozad","http://www.teamusa.org/~/media/USA-Diving/Headshots/Cozad-Amy-headshot.jpg","F"
"Amy Cragg-Hastings","track and field",64,100,32.5616438356164,"http://www.teamusa.org/usa-track-and-field/athletes/Amy-Hastings","http://www.teamusa.org/~/media/TeamUSA/TrackAndField/Hastings_Cragg_Amy/hastings_amy_150x250.jpg","F"
"Andrew Durutalo","rugby",74,236,28.8,"http://www.teamusa.org/usa-rugby/athletes/Andrew-Durutalo","http://www.teamusa.org/~/media/TeamUSA/Headshots/2016OlympicHopefuls/durutalo_andrew_150x250_2.jpg","M"
"Andy Bisek","wrestling",70,180,29.986301369863,"http://www.teamusa.org/usa-wrestling/athletes/Andy-Bisek","http://www.teamusa.org/~/media/USA_Wrestling/Athlete-Bios/2015-Athlete-Mugs/AndyBisek150x250.jpg","M"
"Angel McCoughtry","basketball",73,155,29.9232876712329,"http://www.teamusa.org/usa-basketball/athletes/Angel-McCoughtry","http://www.teamusa.org/~/media/TeamUSA/Basketball/Headshots/McCoughtry_angel_150x250_1.jpg","F"
"AngelicaDelgado","judo",63,115,25.6602739726027,"http://www.teamusa.org/usa-judo/athletes/Angelica-Delgado","http://www.teamusa.org/~/media/USA_Judo/Images/Athlete-Headshots/angelicadelgado.png","F"
"Anita Alvarez","synchronized swimming",67,114,19.6876712328767,"http://www.teamusa.org/usa-synchronized-swimming/athletes/Anita-Alvarez","http://www.teamusa.org/~/media/USA_Synchronized/Images/Headshots/2015-Senior-National-Squad/Anita_Alvarez_HS_2015.jpg","F"
"Annie Haeger","sailing",66,128,26.5150684931507,"http://www.teamusa.org/us-sailing/athletes/Annie-Haeger","http://www.teamusa.org/~/media/TeamUSA/RioHeadshots/Haeger_Annie_150x250.jpg","F"
"Anthony Ervin","swimming",75,177,35.2191780821918,"http://www.teamusa.org/usa-swimming/athletes/Anthony-Ervin","http://www.teamusa.org/~/media/TeamUSA/Headshots/2016OlympicTeam/Swimming/Ervin_Anthony_150x250.jpg","M"
"Anthony Fahden","rowing",71,158,30.4575342465753,"http://www.teamusa.org/us-rowing/athletes/Anthony-Fahden","http://www.teamusa.org/~/media/TeamUSA/Galleries/Mens-four/Anthony-Fahden.jpg","M"
"Antonio Vargas","boxing",66,114,19.986301369863,"http://www.teamusa.org/usa-boxing/athletes/Antonio-Vargas","http://www.teamusa.org/~/media/USA_Boxing/Images/Athlete-Photos/Olympic-poster-photos/Antonio-website.jpg","M"
"April Ross","volleyball",73,165,34.1506849315069,"http://www.teamusa.org/usa-volleyball/athletes/April-Ross","http://www.teamusa.org/~/media/USA_Volleyball/Images/Athlete-Head-Shots/Beach-Volleyball/Web-April-Ross2013.jpg","F"
"Aria Fischer","water polo",72,173,17.441095890411,"http://www.teamusa.org/usa-water-polo/athletes/Aria-Fischer","http://www.teamusa.org/~/media/TeamUSA/WaterPolo/Fischer_Aria/Fischer_Aria_150x250.jpg","F"
"Ashleigh Johnson","water polo",73,180,21.9123287671233,"http://www.teamusa.org/usa-water-polo/athletes/Ashleigh-Johnson","http://www.teamusa.org/~/media/TeamUSA/Headshots/Pam-Am-Games-2015/Water-Polo-Women/Water_Polo_Women_-Johnson_Ashleigh.jpg","F"
"Ashley Nee","canoe kayak",64,120,27.158904109589,"http://www.teamusa.org/usa-canoe-kayak/athletes/Ashley-Nee","http://www.teamusa.org/~/media/USA_Canoe_Kayak/Images/Headshots/Ashley-Nee.jpg","F"
"Ashton Eaton","track and field",73,180,28.558904109589,"http://www.teamusa.org/usa-track-and-field/athletes/Ashton-Eaton","http://www.teamusa.org/~/media/TeamUSA/Headshots/2016OlympicHopefuls/eaton_ashton_150x250.jpg","M"
"Austin Hack","rowing",80,220,24.2356164383562,"http://www.teamusa.org/us-rowing/athletes/Austin-Hack","http://www.teamusa.org/~/media/TeamUSA/Rowing/Hack_Austin/Hack_Austin_150x250.jpg","M"
"Becky Sauerbrunn","soccer",67,140,31.186301369863,"http://www.teamusa.org/us-soccer/athletes/Becky-Sauerbrunn","http://www.teamusa.org/~/media/TeamUSA/Headshots/2016OlympicTeam/Soccer/Sauerbrunn_Becky_150x250.jpg","F"
"Beezie Madden","equestrian",66,140,52.7452054794521,"http://www.teamusa.org/us-equestrian/athletes/Elizabeth-Beezie-Madden","http://www.teamusa.org/~/media/TeamUSA/Headshots/2016OlympicHopefuls/madden_beezie_150x250.jpg","F"
"Ben Hallock","water polo",78,235,18.7150684931507,"http://www.teamusa.org/usa-water-polo/athletes/Ben-Hallock","http://www.teamusa.org/~/media/TeamUSA/WaterPolo/Misc/Hallock_Ben_150x250_1.jpg","M"
"Ben Kanute","triathlon",72,155,23.6575342465753,"https://www.teamusa.org/usa-triathlon/athletes/Ben-Kanute","http://www.teamusa.org/~/media/USA_Triathlon/Images/Athletes/Ben_Kanute_2015.jpg","M"
"Ben Pinkelman","rugby",76,220,22.1616438356164,"http://www.teamusa.org/usa-rugby/athletes/Ben-Pinkelman","http://www.teamusa.org/~/media/TeamUSA/Headshots/2016OlympicHopefuls/pinkelman_ben_150x250_2.jpg","M"
"Ben Provisor","wrestling",68,195,26.1287671232877,"http://www.teamusa.org/usa-wrestling/athletes/Ben-Provisor","http://www.teamusa.org/~/media/USA_Wrestling/Athlete-Bios/BenProvisor150x250.jpg","M"
"Bernard Lagat","track and field",68,130,41.6767123287671,"http://www.teamusa.org/usa-track-and-field/athletes/Bernard-Lagat","http://www.teamusa.org/~/media/TeamUSA/Headshots/2016OlympicHopefuls/Lagat_Bernard_150x250.jpg","M"
"Bethanie Mattek-Sands","tennis",66,145,31.3917808219178,"http://www.teamusa.org/usa-tennis/athletes/Bethanie-Mattek-Sands","http://www.teamusa.org/~/media/TeamUSA/Headshots/2016OlympicHopefuls/MattekSands_Bethanie_150x250.jpg","F"
"Blake Pieroni","swimming",74,190,20.7369863013699,"http://www.teamusa.org/usa-swimming/athletes/Blake-Pieroni","http://www.teamusa.org/~/media/TeamUSA/Headshots/2016OlympicTeam/Swimming/Pieroni_Blake_150x250.jpg","M"
"Bob Bryan","tennis",75,195,38.2958904109589,"http://www.teamusa.org/usa-tennis/athletes/Bob-Bryan","http://www.teamusa.org/~/media/TeamUSA/Images/11Hopefuls/BryanB_tennis_120x187.jpg","M"
"Bobby Lea","cycling",74,170,32.8246575342466,"http://www.teamusa.org/usa-cycling/athletes/Bobby-Lea","http://www.teamusa.org/~/media/TeamUSA/Images/11Hopefuls/Lea_Bobby_150x250.jpg","F"
"Bora Gulari","sailing",71,165,40.8164383561644,"http://www.teamusa.org/us-sailing/athletes/Bora-Gulari","http://www.teamusa.org/~/media/TeamUSA/RioHeadshots/Gulari_Bora_150x250.jpg","M"
"Boyd Martin","equestrian",74,175,36.986301369863,"http://www.teamusa.org/us-equestrian/athletes/Boyd-Martin","http://www.teamusa.org/~/media/TeamUSA/Headshots/Pam-Am-Games-2015/Equestrian/Equestrian_Eventing_Martin_Boyd.jpg","M"
"Brady Ellison","archery",71,190,27.7917808219178,"http://www.teamusa.org/usa-archery/athletes/Brady-Ellison","http://www.teamusa.org/~/media/TeamUSA/Images/11Hopefuls/Ellison_B120x187.jpg","M"
"Breanna Stewart","basketball",76,175,21.9561643835616,"http://www.teamusa.org/usa-basketball/athletes/Breanna-Stewart","http://www.teamusa.org/~/media/TeamUSA/Headshots/Pam-Am-Games-2015/Basketball-Women/Basketball_Women_Stewart_Breanna.jpg","F"
"Brent Bookwalter","cycling",71,150,32.4904109589041,"http://www.teamusa.org/usa-cycling/athletes/Brent-Bookwalter","http://www.teamusa.org/~/media/TeamUSA/Cycling/Bookwalter_Brent/Bookwalter_Brent_081815_150x250.jpg","F"
"Bret Bonanni","water polo",76,205,22.5561643835616,"http://www.teamusa.org/usa-water-polo/athletes/Bret-Bonanni","http://www.teamusa.org/~/media/TeamUSA/Headshots/Pam-Am-Games-2015/Water-Polo-Men/Water_Polo_Men_Bonanni_Bret.jpg","M"
"Briana Provancha","sailing",67,147,27.2986301369863,"http://www.teamusa.org/us-sailing/athletes/Briana-Provancha","http://www.teamusa.org/~/media/TeamUSA/RioHeadshots/Provancha_Briana_150x250.jpg","F"
"Brittany Borman","track and field",72,170,27.1150684931507,"http://www.teamusa.org/usa-track-and-field/athletes/Brittany-Borman","http://www.teamusa.org/~/media/USA_Paralympics/Headshots/bormanhead.jpg","F"
"Brittney Griner","basketball",80,208,25.8164383561644,"http://www.teamusa.org/usa-basketball/athletes/Brittney_Griner","http://www.teamusa.org/~/media/TeamUSA/RioHeadshots/Griner_Brittney_150x250.jpg","F"
"Brittney Reese","track and field",68,136,29.9260273972603,"http://www.teamusa.org/usa-track-and-field/athletes/Brittney-Reese","http://www.teamusa.org/~/media/TeamUSA/Images/11Hopefuls/Reese_B120x187.jpg","F"
"Brooke Crain","cycling",64,123,23.2849315068493,"http://www.teamusa.org/usa-cycling/athletes/Brooke-Crain","http://www.teamusa.org/~/media/TeamUSA/Cycling/brooke_crain_150x250.jpg","M"
"Brooke Sweat","volleyball",68,154,30.3808219178082,"http://www.teamusa.org/usa-volleyball/athletes/Brooke-Sweat","http://www.teamusa.org/~/media/USA_Volleyball/Images/Athlete-Head-Shots/Beach-Volleyball/Web-BrookeSweat.jpg","F"
"Bubba Watson","golf",75,180,37.7753424657534,"http://www.teamusa.org/usa-golf/athletes/Bubba-Watson","http://www.teamusa.org/~/media/USA_Golf/headshots/Watson_Bubba_15BAR2.jpg","M"
"Bui Baravilala","rugby",66,165,25.0849315068493,"http://www.teamusa.org/usa-rugby/athletes/Bui-Baravilala","http://www.teamusa.org/~/media/TeamUSA/Headshots/2016OlympicHopefuls/baravilala_bui_150x250_2.jpg","F"
"Caeleb Dressel","swimming",75,190,19.9835616438356,"http://www.teamusa.org/usa-swimming/athletes/Caeleb-Dressel","http://www.teamusa.org/~/media/TeamUSA/Headshots/2016OlympicTeam/Swimming/Dressel_Caeleb_150x250.jpg","M"
"Caitlin Van Sickle","field hockey",65,130,26.5424657534247,"http://www.teamusa.org/usa-field-hockey/athletes/Caitlin-Van-Sickle","http://www.teamusa.org/~/media/USA_Field_Hockey/2015-USWNT/2015-16-Headshots/VanSickle_150x225.jpg","F"
"Caleb Paine","sailing",75,215,25.7397260273973,"http://www.teamusa.org/us-sailing/athletes/Caleb-Paine","http://www.teamusa.org/~/media/TeamUSA/RioHeadshots/Paine_Caleb_150x250.jpg","M"
"Cammile Adams","swimming",68,143,24.9178082191781,"http://www.teamusa.org/usa-swimming/athletes/Cammile-Adams","http://www.teamusa.org/~/media/TeamUSA/Headshots/2016OlympicTeam/Swimming/Adams_Cammile_150x250.jpg","F"
"Carli Lloyd","soccer",67,140,34.0794520547945,"http://www.teamusa.org/us-soccer/athletes/Carli-Lloyd","http://www.teamusa.org/~/media/TeamUSA/Headshots/2016OlympicTeam/Soccer/LLoyd_Carli_150x250.jpg","F"
"Carlin Isles","rugby",68,165,26.7232876712329,"http://www.teamusa.org/usa-rugby/athletes/Carlin-Isles","http://www.teamusa.org/~/media/TeamUSA/Headshots/Pam-Am-Games-2015/Rugby-Men/Rugby_Men_Isles_Carlin.jpg","M"
"Carmelo Anthony","basketball",80,230,32.2082191780822,"http://www.teamusa.org/usa-basketball/athletes/Carmelo-Anthony","http://www.teamusa.org/~/media/TeamUSA/Basketball/Headshots/anthony_carmelo_150x250_1.jpg","M"
"Carmen Farmer","rugby",73,180,35.6931506849315,"http://www.teamusa.org/usa-rugby/athletes/Carmen-Farmer","http://www.teamusa.org/~/media/TeamUSA/Headshots/2016OlympicHopefuls/farmer_carmen_150x250.jpg","F"
"Casey Eichfeld","canoe kayak",70,170,26.7397260273973,"http://www.teamusa.org/usa-canoe-kayak/athletes/Casey-Eichfeld","http://www.teamusa.org/~/media/USA_Canoe_Kayak/Images/Headshots/casey-187.jpg","M"
"Casey Patterson","volleyball",78,195,36.3178082191781,"http://www.teamusa.org/usa-volleyball/athletes/Casey-Patterson","http://www.teamusa.org/~/media/USA_Volleyball/Images/Athlete-Head-Shots/Beach-Volleyball/Web-Casey-Patterson.jpg","M"
"Charles Conwell","boxing",69,165,18.7698630136986,"http://www.teamusa.org/usa-boxing/athletes/Charles-Conwell","http://www.teamusa.org/~/media/USA_Boxing/Images/Athlete-Photos/Olympic-poster-photos/Charles-website.jpg","M"
"Charlie Buckingham","sailing",74,180,27.5698630136986,"http://www.teamusa.org/us-sailing/athletes/Charlie-Buckingham","http://www.teamusa.org/~/media/TeamUSA/RioHeadshots/Buckingham_Charlie_150x250.jpg","M"
"Chaunte Lowe","track and field",69,132,32.586301369863,"http://www.teamusa.org/usa-track-and-field/athletes/Chaunte-Lowe","http://www.teamusa.org/~/media/USA_Paralympics/Headshots/aug-13/lowe.jpg","F"
"Chloe Dygert","cycling",69,147,19.6054794520548,"http://www.teamusa.org/usa-cycling/athletes/Chloe-Dygert","http://www.teamusa.org/~/media/TeamUSA/RioHeadshots/dygert_chloe_150x250.jpg","F"
"Chloe Woodruff ","cycling",62,113,29.0630136986301,"http://www.teamusa.org/usa-cycling/athletes/Chloe-Woodruff","http://www.teamusa.org/~/media/TeamUSA/Cycling/Woodruff_Chloe_150x250.jpg","M"
"Chris Benard","track and field",75,185,26.3424657534247,"http://www.teamusa.org/usa-track-and-field/athletes/Chris-Benard","http://www.teamusa.org/~/media/TeamUSA/Headshots/2016OlympicHopefuls/Benard_Chris_150x250.jpg","M"
"Chris Brooks","gymnastics",68,165,29.6493150684932,"http://www.teamusa.org/usa-gymnastics/athletes/Chris-Brooks","http://www.teamusa.org/~/media/TeamUSA/Headshots/brooks_chris_150X250.jpg","M"
"Chris Wyles","rugby",72,210,32.9178082191781,"http://www.teamusa.org/usa-rugby/athletes/Chris-Wyles","http://www.teamusa.org/~/media/TeamUSA/Headshots/2016OlympicHopefuls/wyles_chris_150x250.jpg","M"
"Christa Dietzen","volleyball",74,174,29.8356164383562,"http://www.teamusa.org/usa-volleyball/athletes/Christa-Harmotto","http://www.teamusa.org/~/media/USA_Volleyball/Images/WNT/2013-Head-Shots/USAVChristaHarmotto.jpg","F"
"Christen Press","soccer",66,135,27.6191780821918,"http://www.teamusa.org/us-soccer/athletes/Christen-Press","http://www.teamusa.org/~/media/TeamUSA/Headshots/2016OlympicTeam/Soccer/Press_Christen_150x250.jpg","F"
"Christian Taylor","track and field",74,180,26.1506849315068,"http://www.teamusa.org/usa-track-and-field/athletes/Christian-Taylor","http://www.teamusa.org/~/media/TeamUSA/TrackAndField/Taylor_Christian/Taylor_Christian_150x250.jpg","M"
"Christina Epps","track and field",69,145,25.1452054794521,"http://www.teamusa.org/usa-track-and-field/athletes/Christina-Epps","http://www.teamusa.org/~/media/TeamUSA/Headshots/Pam-Am-Games-2015/Track-and-Field/Athletics_Epps_Christina.jpg","F"
"Cierra Runge","swimming",76,187,20.427397260274,"http://www.teamusa.org/usa-swimming/athletes/Cierra-Runge","http://www.teamusa.org/~/media/TeamUSA/Headshots/2016OlympicTeam/Swimming/Runge_Cierra_150x250.jpg","F"
"Claressa Shields","boxing",69,165,21.4027397260274,"http://www.teamusa.org/usa-boxing/athletes/Claressa-Shields","http://www.teamusa.org/~/media/USA_Boxing/Images/Athlete-Photos/Claressa-Shields/Claressa-website.jpg","F"
"Clark Montgomery","equestrian",72,155,35.2356164383562,"http://www.teamusa.org/us-equestrian/athletes/Clark-Montgomery","http://www.teamusa.org/~/media/TeamUSA/Headshots/2016OlympicHopefuls/montgomery_clark_150x250.jpg","M"
"Clark Smith","swimming",81,198,21.3178082191781,"http://www.teamusa.org/usa-swimming/athletes/Clark-Smith","http://www.teamusa.org/~/media/TeamUSA/Headshots/2016OlympicTeam/Swimming/Smith_Clark_150x250.jpg","M"
"Clayton Murphy","track and field",71,150,21.4547945205479,"http://www.teamusa.org/usa-track-and-field/athletes/Clayton-Murphy","http://www.teamusa.org/~/media/TeamUSA/Headshots/Pam-Am-Games-2015/Track-and-Field/Athletics_Murphy_Clayton.jpg","M"
"CoCo Vandeweghe","tennis",73,155,24.6821917808219,"http://www.teamusa.org/usa-tennis/athletes/CoCo-Vandeweghe","http://www.teamusa.org/~/media/TeamUSA/Headshots/2016OlympicHopefuls/Vandeweghe_CoCo_150x250.jpg","F"
"Cody Miller","swimming",71,175,24.5890410958904,"http://www.teamusa.org/usa-swimming/athletes/Cody-Miller","http://www.teamusa.org/~/media/TeamUSA/Headshots/2016OlympicTeam/Swimming/Miller_Cody_150x250.jpg","M"
"Colton Brown","judo",72,200,24.8438356164384,"http://www.teamusa.org/usa-judo/athletes/Colton-Brown","http://www.teamusa.org/~/media/USA_Judo/Images/Athlete-Headshots/ColtonBrown1.jpg","M"
"Connor Fields","cycling",72,195,23.9068493150685,"http://www.teamusa.org/usa-cycling/athletes/Connor-Fields","http://www.teamusa.org/~/media/TeamUSA/Headshots/Pam-Am-Games-2015/Cycling-Men/Cycling_BMX_Fields_Connor.jpg","M"
"Connor Jaeger","swimming",73,170,25.2849315068493,"http://www.teamusa.org/usa-swimming/athletes/Connor-Jaeger","http://www.teamusa.org/~/media/TeamUSA/Headshots/2016OlympicTeam/Swimming/Jaeger_connor_150x250.jpg","M"
"Conor Dwyer","swimming",77,195,27.586301369863,"http://www.teamusa.org/usa-swimming/athletes/Conor-Dwyer","http://www.teamusa.org/~/media/TeamUSA/Headshots/2016OlympicTeam/Swimming/Dwyer_Conor_150x250.jpg","M"
"Corey Cogdell-Unrein","shooting",68,155,29.9452054794521,"http://www.teamusa.org/usa-shooting/athletes/Corey-Cogdell","http://www.teamusa.org/~/media/TeamUSA/RioHeadshots/Cogdell_Unrein_Corey_150x250.jpg","F"
"Courtney Hurley","fencing",69,150,25.8657534246575,"http://www.teamusa.org/usa-fencing/athletes/Courtney-Hurley","http://www.teamusa.org/~/media/USA_Fencing/Images/Headshots/Courtney-Hurley-2.jpg","F"
"Courtney Mathewson","water polo",67,154,29.9123287671233,"http://www.teamusa.org/usa-water-polo/athletes/Courtney-Mathewson","http://www.teamusa.org/~/media/TeamUSA/Headshots/Pam-Am-Games-2015/Water-Polo-Women/Water_Polo_Women_-Mathewson_Courtney.jpg","F"
"Courtney Thompson","volleyball",68,145,21.7671232876712,"http://www.teamusa.org/usa-volleyball/athletes/Courtney-Thompson","http://www.teamusa.org/~/media/USA_Volleyball/Images/WNT/2013-Head-Shots/USAVCourtneyThompson.jpg","F"
"Crystal Dunn","soccer",62,123,24.1068493150685,"http://www.teamusa.org/us-soccer/athletes/Crystal-Dunn","http://www.teamusa.org/~/media/TeamUSA/Headshots/2016OlympicTeam/Soccer/Dunn_Crystal_150x250.jpg","F"
"Cyrus Hostetler","track and field",74,210,30.013698630137,"http://www.teamusa.org/usa-track-and-field/athletes/Cyrus-Hostetler","http://www.teamusa.org/~/media/USA_Paralympics/Headshots/aug-17/hostetlerhead.jpg","M"
"D","sailing",73,157,38.5616438356164,"http://www.teamusa.org/us-sailing/athletes/David-Hughes","http://www.teamusa.org/~/media/TeamUSA/RioHeadshots/Hughes_David_150x250.jpg","M"
"Dagmara Wozniak","fencing",68,180,28.1150684931507,"http://www.teamusa.org/usa-fencing/athletes/Dagmara-Wozniak","http://www.teamusa.org/~/media/TeamUSA/Headshots/Pam-Am-Games-2015/Fencing/Wozniak_dagmara.jpg","F"
"Dan Lowe","shooting",72,180,23.7287671232877,"http://www.teamusa.org/usa-shooting/athletes/Dan-Lowe","http://www.teamusa.org/~/media/TeamUSA/Shooting/Lowe_Dan/Lowe_Dan_headshot_150x250.jpg","M"
"Dana Vollmer","swimming",73,150,28.7479452054795,"http://www.teamusa.org/usa-swimming/athletes/Dana-Vollmer","http://www.teamusa.org/~/media/TeamUSA/Headshots/2016OlympicTeam/Swimming/Vollmer_Dana_150x250.jpg","F"
"Danell Leyva","gymnastics",67,150,24.7835616438356,"http://www.teamusa.org/usa-gymnastics/athletes/Danell-Leyva","http://www.teamusa.org/~/media/TeamUSA/Headshots/2016OlympicHopefuls/leyva_danell_150x250.jpg","M"
"Daniel Dennis","wrestling",65,125,29.8849315068493,"http://www.teamusa.org/usa-wrestling/athletes/Daniel-Dennis","http://www.teamusa.org/~/media/USA_Wrestling/Athlete-Bios/DanielDennis150x250.jpg","M"
"Danny Barrett","rugby",74,225,26.3890410958904,"http://www.teamusa.org/usa-rugby/athletes/Danny-Barrett","http://www.teamusa.org/~/media/TeamUSA/Headshots/2016OlympicHopefuls/barrett_danny_150x250_2.jpg","M"
"Darrell Hill","track and field",75,320,22.9835616438356,"http://www.teamusa.org/usa-track-and-field/athletes/Darrell-Hill","http://www.teamusa.org/~/media/TeamUSA/Headshots/Pam-Am-Games-2015/Track-and-Field/Athletics_Hill_Darrell.jpg","M"
"Daryl Homer","fencing",68,165,26.0739726027397,"http://www.teamusa.org/usa-fencing/athletes/Daryl-Homer","http://www.teamusa.org/~/media/TeamUSA/Headshots/Pam-Am-Games-2015/Fencing/Fencing_Homer_Daryl.jpg","M"
"David Higgins","shooting",69,150,22.1232876712329,"http://www.teamusa.org/usa-shooting/athletes/David-Higgins","http://www.teamusa.org/~/media/TeamUSA/RioHeadshots/higgins_david_150x250.jpg","M"
"David Lee","volleyball",80,230,34.4356164383562,"http://www.teamusa.org/usa-volleyball/athletes/David-Lee-Volleyball","http://www.teamusa.org/~/media/USA_Volleyball/Images/Athlete-Head-Shots/Men-Indoor/USA4DavidLee.jpg","M"
"David Smith","volleyball",80,200,31.2465753424658,"http://www.teamusa.org/usa-volleyball/athletes/David-Smith","http://www.teamusa.org/~/media/USA_Volleyball/Images/Athlete-Head-Shots/Men-Indoor/USA20DavidSmith.jpg","M"
"DeAndre Jordan","basketball",83,265,28.0602739726027,"http://www.teamusa.org/usa-basketball/athletes/DeAndre-Jordan","http://www.teamusa.org/~/media/TeamUSA/Basketball/Men_Group/Jordan_DeAndre_150x250.JPG","M"
"DeAnna Price","track and field",68,220,23.1753424657534,"http://www.teamusa.org/usa-track-and-field/athletes/Deanna-Price","http://www.teamusa.org/~/media/TeamUSA/Headshots/Pam-Am-Games-2015/Track-and-Field/Athletics_Price_Deanna.jpg","F"
"DeMar DeRozan","basketball",79,220,27.013698630137,"http://www.teamusa.org/usa-basketball/athletes/DeMar-DeRozan","http://www.teamusa.org/~/media/TeamUSA/Basketball/Men_Group/DeRozan_DeMar_150x250.jpg","M"
"DeMarcus Cousins","basketball",83,270,25.9972602739726,"http://www.teamusa.org/usa-basketball/athletes/DeMarcus-Cousins","http://www.teamusa.org/~/media/TeamUSA/Basketball/Cousins_DeMarcus/cousins_demarcus_150x250.jpg","M"
"Denis Kudla","tennis",71,175,23.9835616438356,"http://www.teamusa.org/usa-tennis/athletes/Denis-Kudla","http://www.teamusa.org/~/media/TeamUSA/Headshots/2016OlympicHopefuls/Kudla_Denis_150x250.jpg","M"
"Desiree Linden","track and field",61,96,33.0520547945206,"http://www.teamusa.org/usa-track-and-field/athletes/Desiree-Davila","http://www.teamusa.org/~/media/TeamUSA/Headshots/Pam-Am-Games-2015/Track-and-Field/Athletics_Davila_Desiree.jpg","F"
"Devery Karz","rowing",68,130,28.4821917808219,"http://www.teamusa.org/us-rowing/athletes/Devery-Karz","http://www.teamusa.org/~/media/TeamUSA/RioHeadshots/karz_devery_150x250.jpg","F"
"Devin McEwan","canoe kayak",70,170,31.8383561643836,"http://www.teamusa.org/usa-canoe-kayak/athletes/Devin-McEwan","http://www.teamusa.org/~/media/USA_Canoe_Kayak/Images/Headshots/Devin-McEwan.jpg","M"
"Diana Taurasi","basketball",72,155,34.1753424657534,"http://www.teamusa.org/usa-basketball/athletes/Diana-Taurasi","http://www.teamusa.org/~/media/TeamUSA/Basketball/Headshots/Taurasi_Diana_150x250_1.jpg","F"
"Donn Cabral","track and field",70,150,26.6657534246575,"http://www.teamusa.org/usa-track-and-field/athletes/Donn-Cabral","http://www.teamusa.org/~/media/USA_Paralympics/Headshots/cabralhead.jpg","M"
"Edward King","rowing",76,170,27.1616438356164,"http://www.teamusa.org/us-rowing/athletes/Edward-King","http://www.teamusa.org/~/media/TeamUSA/Rowing/Misc/King_Edward_150x250.jpg","M"
"Eleanor Logan","rowing",74,190,28.627397260274,"http://www.teamusa.org/us-rowing/athletes/Eleanor-Logan","http://www.teamusa.org/~/media/TeamUSA/Rowing/Misc/Logan_Elle_150x250.jpg","F"
"Elena Delle Donne","basketball",77,190,26.9342465753425,"http://www.teamusa.org/usa-basketball/athletes/Elena-Delle-Donne","http://www.teamusa.org/~/media/TeamUSA/RioHeadshots/Delle_Donne_Elena_150x250.jpg","F"
"Elena Pirozhkova","wrestling",66,158,29.8328767123288,"http://www.teamusa.org/usa-wrestling/athletes/Elena-Pirozhkova","http://www.teamusa.org/~/media/USA_Wrestling/Athlete-Bios/2015-Athlete-Mugs/ElenaPirozhkova150x250.jpg","F"
"Eli Dershwitz","fencing",73,165,20.8821917808219,"http://www.teamusa.org/usa-fencing/athletes/Eli-Dershwitz","http://www.teamusa.org/~/media/TeamUSA/RioHeadshots/Dershwitz_eli_150x250_1.jpg","M"
"Elizabeth Beisel","swimming",66,146,23.9808219178082,"http://www.teamusa.org/usa-swimming/athletes/Elizabeth-Beisel","http://www.teamusa.org/~/media/TeamUSA/Headshots/2016OlympicTeam/Swimming/Beisel_Elizabeth_150x250.jpg","F"
"Emil Milev","shooting",70,185,48.2931506849315,"http://www.teamusa.org/usa-shooting/athletes/Emil-Milev","http://www.teamusa.org/~/media/TeamUSA/Headshots/Pam-Am-Games-2015/Shooting/Shooting_Milev_Emil.jpg","M"
"Emily Regan","rowing",74,178,28.172602739726,"http://www.teamusa.org/us-rowing/athletes/Emily-Regan","http://www.teamusa.org/~/media/TeamUSA/Rowing/Misc/Regan_Emily_150x250.jpg","F"
"Emma Coburn","track and field",68,120,25.813698630137,"http://www.teamusa.org/usa-track-and-field/athletes/Emma-Coburn","http://www.teamusa.org/~/media/TeamUSA/Headshots/2016OlympicHopefuls/coburn_emma_150x250.jpg","F"
"English Gardner","track and field",66,120,24.3041095890411,"http://www.teamusa.org/para-track-and-field/athletes/English-Gardner","http://www.teamusa.org/~/media/TeamUSA/Headshots/2016OlympicHopefuls/Gardner_English_150x250.jpg","F"
"Enkelejda Shehaj","shooting",64,126,47.5643835616438,"http://www.teamusa.org/usa-shooting/athletes/Enkelejda-Shehaj","http://www.teamusa.org/~/media/TeamUSA/RioHeadshots/shehaj_enkelejda_150x250.jpg","F"
"Erik Kynard","track and field",76,198,25.5205479452055,"http://www.teamusa.org/usa-track-and-field/athletes/Erik-Kynard","http://www.teamusa.org/~/media/USA_Paralympics/Headshots/aug-17/kynardhead.jpg","M"
"Erik Shoji","volleyball",72,165,26.9671232876712,"http://www.teamusa.org/usa-volleyball/athletes/Erik-Shoji","http://www.teamusa.org/~/media/USA_Volleyball/Images/Athlete-Head-Shots/Men-Indoor/USA22ErikShoji.jpg","M"
"Eva Lee","badminton",66,130,30.0164383561644,"http://www.teamusa.org/usa-badminton/athletes/Eva-Lee","http://www.teamusa.org/~/media/USA_Badminton/Images/2016-Athlete-Headshots-for-Web/EvaLee_web.jpg","F"
"Evan Jager","track and field",74,145,27.4301369863014,"http://www.teamusa.org/usa-track-and-field/athletes/Evan-Jager","http://www.teamusa.org/~/media/TeamUSA/Galleries/Evan-Jager-2012/head.jpg","M"
"Felice Mueller","rowing",73,160,26.8246575342466,"http://www.teamusa.org/us-rowing/athletes/Felice-Mueller","http://www.teamusa.org/~/media/TeamUSA/Rowing/Misc/mueller_felice_150x250.jpg","F"
"Folau Niua","rugby",72,196,31.5424657534247,"http://www.teamusa.org/usa-rugby/athletes/Folau-Niua","http://www.teamusa.org/~/media/TeamUSA/Headshots/2016OlympicHopefuls/niua_folau_150x250_2.jpg","M"
"Foluke Akinradewo","volleyball",75,170,28.8547945205479,"http://www.teamusa.org/usa-volleyball/athletes/Foluke-Akinradewo","http://www.teamusa.org/~/media/USA_Volleyball/Images/Athlete-Head-Shots/Women-Indoor/FolukeAkinradewo-p.jpg","F"
"Francena McCorory","track and field",67,151,27.8109589041096,"http://www.teamusa.org/usa-track-and-field/athletes/Francena-McCorory","http://www.teamusa.org/~/media/TeamUSA/Galleries/Francena-McCorory-2012/head.jpg","F"
"Frank Thompson","shooting",71,175,28.4219178082192,"http://www.teamusa.org/usa-shooting/athletes/Frank-Thompson","http://www.teamusa.org/~/media/TeamUSA/Shooting/Thompson_Frank/Thompson_Frank_headshot_150x250.jpg","M"
"Gabby Douglas","gymnastics",62,110,20.6109589041096,"http://www.teamusa.org/usa-gymnastics/athletes/Gabrielle-Douglas","http://www.teamusa.org/~/media/TeamUSA/Galleries/Gabrielle-Douglas-2012/GabbyDouglas_headshot.jpg","F"
"Galen Rupp","track and field",71,135,30.2657534246575,"http://www.teamusa.org/usa-track-and-field/athletes/Galen-Rupp","http://www.teamusa.org/~/media/TeamUSA/TrackAndField/Rupp_Galen/Rupp_Galen_150x250.jpg","M"
"Garrett Bender","rugby",76,230,24.6931506849315,"http://www.teamusa.org/usa-rugby/athletes/Garrett-Bender","http://www.teamusa.org/~/media/TeamUSA/Headshots/Pam-Am-Games-2015/Rugby-Men/Rugby_Men_Bender_Garrett.jpg","M"
"Gary Russell","boxing",68,141,20.1561643835616,"http://www.teamusa.org/usa-boxing/athletes/Gary-Antuanne-Russell","http://www.teamusa.org/~/media/USA_Boxing/Images/Athlete-Photos/Olympic-poster-photos/Gary-website.jpg","M"
"Gerek Meinhardt","fencing",72,170,26.0438356164384,"http://www.teamusa.org/usa-fencing/athletes/Gerek-Meinhardt","http://www.teamusa.org/~/media/TeamUSA/Headshots/Pam-Am-Games-2015/Fencing/Meinhardt_gerek.jpg","M"
"Gerina Piller","golf",67,142,31.3753424657534,"http://www.teamusa.org/usa-golf/athletes/Gerina-Piller","http://www.teamusa.org/~/media/USA_Golf/headshots/Gerina-white-background2.jpg","F"
"Gevvie Stone","rowing",72,157,31.0904109589041,"http://www.teamusa.org/us-rowing/athletes/Genevra-Stone","http://www.teamusa.org/~/media/USA_Paralympics/Images/Headshots/App-Headshot-Additions/Stone_150x250.jpg","F"
"Glenn Eller","shooting",74,180,34.6027397260274,"http://www.teamusa.org/usa-shooting/athletes/WaltonGlenn-Eller","http://www.teamusa.org/~/media/TeamUSA/Headshots/Pam-Am-Games-2015/Shooting/Shooting_Eller_Walton.jpg","M"
"Glenn Ochal","rowing",76,210,30.4520547945205,"http://www.teamusa.org/us-rowing/athletes/Glenn-Ochal","http://www.teamusa.org/~/media/TeamUSA/Rowing/Misc/Ochal_Glenn_150x250.jpg","M"
"Grace Latz","rowing",72,175,28.4739726027397,"http://www.teamusa.org/us-rowing/athletes/Grace-Latz","http://www.teamusa.org/~/media/TeamUSA/Rowing/Misc/Latz_Grace_150x250_1.jpg","F"
"Grace Luczak","rowing",75,170,27.2191780821918,"http://www.teamusa.org/us-rowing/athletes/Grace-Luczak","http://www.teamusa.org/~/media/TeamUSA/Rowing/Misc/luczak_grace_150x250.jpg","F"
"Greg Billington","triathlon",69,145,27.2027397260274,"https://www.teamusa.org/usa-triathlon/athletes/Greg-Billington","http://www.teamusa.org/~/media/USA_Triathlon/Images/Athletes/Greg-Billington/Greg-Billington-2015.jpg","M"
"Gwen Jorgensen","triathlon",70,130,30.3013698630137,"https://www.teamusa.org/usa-triathlon/athletes/Gwen-Jorgensen","http://www.teamusa.org/~/media/USA_Triathlon/Images/Athletes/Gwen-Jorgensen/2015-Gwen-Jorgensen.jpg","F"
"Haley Anderson","swimming",70,150,24.7260273972603,"http://www.teamusa.org/usa-swimming/athletes/Haley-Anderson","http://www.teamusa.org/~/media/TeamUSA/Headshots/2016OlympicTeam/Swimming/Anderson_haley_150x250.jpg","F"
"Haley Augello","wrestling",62,118,21.8164383561644,"http://www.teamusa.org/usa-wrestling/athletes/Haley-Augello","http://www.teamusa.org/~/media/TeamUSA/Headshots/2016OlympicHopefuls/wrestling_augello_haley_150x250.jpg","F"
"Hali Flickinger","swimming",65,115,22.0958904109589,"http://www.teamusa.org/usa-swimming/athletes/Hali-Flickinger","http://www.teamusa.org/~/media/TeamUSA/Headshots/2016OlympicTeam/Swimming/flickinger_hali_150x250.jpg","F"
"Hans Struzyna","rowing",74,200,27.3671232876712,"http://www.teamusa.org/us-rowing/athletes/Hans-Struzyna","http://www.teamusa.org/~/media/TeamUSA/Rowing/Misc/Struzyna_Hans_150x250.jpg","M"
"Harrison Barnes","basketball",80,225,24.2,"http://www.teamusa.org/usa-basketball/athletes/Harrison-Barnes","http://www.teamusa.org/~/media/TeamUSA/Basketball/Barnes_Harrison/barnes_harrison_150x250.jpg","M"
"Heather Miller-Koch","track and field",69,140,29.372602739726,"http://www.teamusa.org/usa-track-and-field/athletes/Heather-Miller-Koch","http://www.teamusa.org/~/media/TeamUSA/Headshots/Pam-Am-Games-2015/Track-and-Field/Athletics_Miller_Heather.jpg","F"
"Henrik Rummel","rowing",77,215,28.8794520547945,"http://www.teamusa.org/us-rowing/athletes/Henrik-Rummel","http://www.teamusa.org/~/media/TeamUSA/Rowing/Rummel_Henrik/Rummel_Henrik_150x250.jpg","M"
"Hope Solo","soccer",69,148,35.041095890411,"http://www.teamusa.org/us-soccer/athletes/Hope-Solo","http://www.teamusa.org/~/media/TeamUSA/Headshots/2016OlympicTeam/Soccer/Solo_Hope_150x250.jpg","F"
"Howard Grotts","cycling",67,130,23.5780821917808,"http://www.teamusa.org/usa-cycling/athletes/Howard-Grotts","http://www.teamusa.org/~/media/TeamUSA/Cycling/Grotts_Howard/Grotts_Howard_150x250.jpg","F"
"Howard Shu","badminton",73,165,25.7041095890411,"http://www.teamusa.org/usa-badminton/athletes/Howard-Shu","http://www.teamusa.org/~/media/USA_Badminton/Images/2016-Athlete-Headshots-for-Web/HowardShu_web.jpg","M"
"Ibtihaj Muhammad","fencing",67,150,30.6904109589041,"http://www.teamusa.org/usa-fencing/athletes/Ibtihaj-Muhammad","http://www.teamusa.org/~/media/TeamUSA/Images/Muhammad_FEN_120x187.jpg","F"
"Iris Wang","badminton",63,115,21.9397260273973,"http://www.teamusa.org/usa-badminton/athletes/Iris-Wang","http://www.teamusa.org/~/media/USA_Badminton/Images/2016-Athlete-Headshots-for-Web/IrisWang_web.jpg","F"
"Isabella Isaksen","modern pentathlon",68,139,22.7178082191781,"http://www.teamusa.org/usa-modern-pentathlon/athletes/Isabella-Isaksen","http://www.teamusa.org/~/media/TeamUSA/Headshots/2016OlympicTeam/Modern-Pentathlon/Isaksen_Isabella_150x250.jpg","F"
"J'Den Cox","wrestling",71,189,21.441095890411,"http://www.teamusa.org/usa-wrestling/athletes/Jden-Cox","http://www.teamusa.org/~/media/TeamUSA/Headshots/2016OlympicHopefuls/wrestling_cox_jden_150x250.jpg","M"
"Jack Conger","swimming",76,175,21.8739726027397,"http://www.teamusa.org/usa-swimming/athletes/Jack-Conger","http://www.teamusa.org/~/media/TeamUSA/Headshots/2016OlympicTeam/Swimming/Conger_Jack_150x250.jpg","M"
"Jackie Briggs","field hockey",66,140,28.2219178082192,"http://www.teamusa.org/usa-field-hockey/athletes/Jaclyn-Briggs","http://www.teamusa.org/~/media/USA_Field_Hockey/2015-USWNT/2015-16-Headshots/Briggs_150x225.jpg","F"
"Jacob Pebley","swimming",76,190,22.8986301369863,"http://www.teamusa.org/usa-swimming/athletes/Jacob-Pebley","http://www.teamusa.org/~/media/TeamUSA/Headshots/2016OlympicTeam/Swimming/Pebley_Jacob_150x250.jpg","M"
"Jake Dalton","gymnastics",65,150,24.9808219178082,"http://www.teamusa.org/usa-gymnastics/athletes/Jake-Dalton","http://www.teamusa.org/~/media/TeamUSA/Headshots/dalton_jake_2015_150x250.jpg","M"
"Jake Gibb","volleyball",79,210,40.5232876712329,"http://www.teamusa.org/usa-volleyball/athletes/Jake-Gibb","http://www.teamusa.org/~/media/USA_Volleyball/Images/Athlete-Head-Shots/Beach-Volleyball/Web-JakeGibb2014.jpg","M"
"Jamie Subandhi","badminton",64,128,26.6575342465753,"http://www.teamusa.org/usa-badminton/athletes/Jamie-Subandhi","http://www.teamusa.org/~/media/USA_Badminton/Images/2016-Athlete-Headshots-for-Web/JamieSubandhi_web.jpg","F"
"Janay DeLoach","track and field",65,128,30.8356164383562,"http://www.teamusa.org/usa-track-and-field/athletes/Janay-DeLoach","http://www.teamusa.org/~/media/TeamUSA/Galleries/Janay-Deloach-2012/head.jpg","F"
"Jay Litherland","swimming",72,175,20.9643835616438,"http://www.teamusa.org/usa-swimming/athletes/Jay-Litherland","http://www.teamusa.org/~/media/TeamUSA/Headshots/2016OlympicTeam/Swimming/Litherland_Jay_150x250.jpg","M"
"Jay Shi","shooting",68,135,37.4739726027397,"http://www.teamusa.org/usa-shooting/athletes/Jay-Shi","http://www.teamusa.org/~/media/TeamUSA/Headshots/Pam-Am-Games-2015/Shooting/Shooting_Shi_Jay.jpg","M"
"Jeff Porter","track and field",72,190,30.7095890410959,"http://www.teamusa.org/usa-track-and-field/athletes/Jeff-Porter","http://www.teamusa.org/~/media/USA_Paralympics/Headshots/aug-17/porterhead.jpg","M"
"Jeffrey Henderson","track and field",72,189,27.4767123287671,"http://www.teamusa.org/usa-track-and-field/athletes/Jeff-Henderson","http://www.teamusa.org/~/media/TeamUSA/Headshots/Pam-Am-Games-2015/Track-and-Field/Athletics_Henderson_Jeffery.jpg","M"
"Jenn Suhr","track and field",72,145,34.5205479452055,"http://www.teamusa.org/usa-track-and-field/athletes/Jennifer-Suhr","http://www.teamusa.org/~/media/USA_Paralympics/Headshots/suhrhead.jpg","F"
"Jennifer Valente","cycling",69,165,21.6301369863014,"http://www.teamusa.org/usa-cycling/athletes/Jennifer-Valente","http://www.teamusa.org/~/media/TeamUSA/Headshots/Pam-Am-Games-2015/Cycling-Women/Cycling_Track_Valente_Jennifer.jpg","F"
"Jenny Arthur","weightlifting",65,165,22.6657534246575,"http://www.teamusa.org/usa-weightlifting/athletes/Jenny-Arthur","http://www.teamusa.org/~/media/TeamUSA/Images/11Hopefuls/Jenny_Arthur.jpg","F"
"Jenny Simpson","track and field",65,118,29.972602739726,"http://www.teamusa.org/usa-track-and-field/athletes/Jenny-Simpson","http://www.teamusa.org/~/media/TeamUSA/TrackAndField/Simpson_Jennifer/Simpson_Jenny_150x250.jpg","F"
"Jesse Smith","water polo",76,233,33.2986301369863,"http://www.teamusa.org/usa-water-polo/athletes/Jesse-Smith","http://www.teamusa.org/~/media/TeamUSA/Headshots/Pam-Am-Games-2015/Water-Polo-Men/Water_Polo_Men_Smith_Jesse.jpg","M"
"Jesse Thielke","wrestling",67,150,24.172602739726,"http://www.teamusa.org/usa-wrestling/athletes/Jesse-Thielke","http://www.teamusa.org/~/media/USA_Wrestling/Athlete-Bios/2015-Athlete-Mugs/JesseThielke150x250.jpg","M"
"Jessica Javelet","rugby",66,140,31.1342465753425,"http://www.teamusa.org/usa-rugby/athletes/Jessica-Javelet","http://www.teamusa.org/~/media/TeamUSA/Headshots/2016OlympicHopefuls/javelet_jessica_150x250.jpg","F"
"Jessica Parratto","diving",62,112,22.1260273972603,"http://www.teamusa.org/usa-diving/athletes/Jessica-Parratto","http://www.teamusa.org/~/media/USA-Diving/Headshots/Parratto-Jessica-headshot.jpg","F"
"Jiaqi Zheng","table tennis",65,94,28.5315068493151,"http://www.teamusa.org/usa-table-tennis/athletes/Jiaqi-Zheng","http://www.teamusa.org/~/media/USA_Table_Tennis/Images/National-Team/2016/Olympic-Team/Zheng_Jiaqi150x250.jpg","F"
"Jill Witmer","field hockey",62,116,24.8630136986301,"http://www.teamusa.org/usa-field-hockey/athletes/Jill-Witmer","http://www.teamusa.org/~/media/USA_Field_Hockey/2015-USWNT/2015-16-Headshots/Witmer_Small.jpg","F"
"Jillion Potter","rugby",70,175,30.1068493150685,"http://www.teamusa.org/usa-rugby/athletes/Jillion-Potter","http://www.teamusa.org/~/media/TeamUSA/Headshots/2016OlympicHopefuls/rugby_Potter_Jillion_150x250_2.jpg","F"
"Jimmy Butler","basketball",79,220,26.9095890410959,"http://www.teamusa.org/usa-basketball/athletes/Jimmy-Butler","http://www.teamusa.org/~/media/TeamUSA/Basketball/Butler_Jimmy/Butler_Jimmy_150x250.jpg","M"
"Jimmy Feigen","swimming",77,215,26.8767123287671,"http://www.teamusa.org/usa-swimming/athletes/Jimmy-Feigen","http://www.teamusa.org/~/media/TeamUSA/Headshots/2016OlympicTeam/Swimming/Feigen_Jimmy_150x250.jpg","M"
"Joe Kovacs","track and field",72,295,27.1232876712329,"http://www.teamusa.org/usa-track-and-field/athletes/Joe-Kovacs","http://www.teamusa.org/~/media/TeamUSA/Headshots/2016OlympicHopefuls/track_Kovacs_Joe_150x250_1.jpg","M"
"Joe Maloy","triathlon",69,142,30.6465753424658,"https://www.teamusa.org/usa-triathlon/athletes/Maloy","http://www.teamusa.org/~/media/USA_Triathlon/Images/Athletes/Joe-Maloy/Joe_Maloy_2015.jpg","M"
"Joe Morris","sailing",70,176,26.986301369863,"http://www.teamusa.org/us-sailing/athletes/Joe-Morris","http://www.teamusa.org/~/media/TeamUSA/RioHeadshots/Morris_Joe_150x250.jpg","M"
"John Mann","water polo",78,250,31.1287671232877,"http://www.teamusa.org/usa-water-polo/athletes/John-Mann","http://www.teamusa.org/~/media/TeamUSA/Headshots/Pam-Am-Games-2015/Water-Polo-Men/Water_Polo_Men_Mann_John.jpg","M"
"John Nunn","track and field",74,172,38.5287671232877,"http://www.teamusa.org/usa-track-and-field/athletes/John-Nunn","http://www.teamusa.org/~/media/TeamUSA/Galleries/John-Nunn-2012/Nunn_John_Headshot.jpg","M"
"Jordan Burroughs","wrestling",67,175,28.0958904109589,"http://www.teamusa.org/USA-Wrestling/Athlete-Bios/BU/Jordan-Burroughs","http://www.teamusa.org/~/media/USA_Wrestling/Athlete-Bios/2015-Athlete-Mugs/JordanBurroughs150x250.jpg","M"
"Jordan Larson","volleyball",74,150,29.8246575342466,"http://www.teamusa.org/usa-volleyball/athletes/Jordan-LarsonBurbach","http://www.teamusa.org/~/media/USA_Volleyball/Images/WNT/2013-Head-Shots/USAVJordanLarsonBurbach.jpg","F"
"Jordan Wilimovsky","swimming",69,150,22.3041095890411,"http://www.teamusa.org/usa-swimming/athletes/Jordan-Wilimovsky","http://www.teamusa.org/~/media/TeamUSA/Headshots/wilimovskyhead.jpg","M"
"Jordan Wilimovsky","swimming",69,150,22.3041095890411,"http://www.teamusa.org/usa-swimming/athletes/Jordan-Wilimovsky","http://www.teamusa.org/~/media/TeamUSA/Headshots/wilimovskyhead.jpg","M"
"Jordan Wilimovsky","swimming",70,150,22.3041095890411,"http://www.teamusa.org/usa-swimming/athletes/Jordan-Wilimovsky","http://www.teamusa.org/~/media/TeamUSA/Headshots/wilimovskyhead.jpg","M"
"Jordan Wilimovsky","swimming",70,150,22.3041095890411,"http://www.teamusa.org/usa-swimming/athletes/Jordan-Wilimovsky","http://www.teamusa.org/~/media/TeamUSA/Headshots/wilimovskyhead.jpg","M"
"Josh Prenot","swimming",71,167,23.0383561643836,"http://www.teamusa.org/usa-swimming/athletes/Josh-Prenot","http://www.teamusa.org/~/media/TeamUSA/Headshots/2016OlympicTeam/Swimming/Prenot_Josh_150x250.jpg","M"
"Josh Richmond","shooting",74,200,30.6493150684932,"http://www.teamusa.org/usa-shooting/athletes/Joshua-Richmond","http://www.teamusa.org/~/media/TeamUSA/RioHeadshots/richmond_joshua_150x250.jpg","M"
"Josh Samuels","water polo",76,210,25.0958904109589,"http://www.teamusa.org/usa-water-polo/athletes/Joshua-Samuels","http://www.teamusa.org/~/media/TeamUSA/Headshots/Pam-Am-Games-2015/Water-Polo-Men/Water_Polo_Men_Samuels_Josh.jpg","M"
"Joshua Konieczny","rowing",71,165,25.213698630137,"http://www.teamusa.org/us-rowing/athletes/Josh-Konieczny","http://www.teamusa.org/~/media/TeamUSA/RioHeadshots/Konieczny_Josh_150x250.jpg","M"
"Julia Reinprecht","field hockey",63,127,25.0849315068493,"http://www.teamusa.org/usa-field-hockey/athletes/Julia-Reinprecht","http://www.teamusa.org/~/media/USA_Field_Hockey/2015-USWNT/2015-16-Headshots/JReinprecht150x225.jpg","F"
"Julie Johnston","soccer",67,144,24.3479452054795,"http://www.teamusa.org/us-soccer/athletes/Julie-Johnston","http://www.teamusa.org/~/media/TeamUSA/Headshots/2016OlympicTeam/Soccer/Johnston_julie_150x250.jpg","F"
"Justin Gatlin","track and field",73,177,34.5068493150685,"http://www.teamusa.org/usa-track-and-field/athletes/Justin-Gatlin","http://www.teamusa.org/~/media/TeamUSA/Images/11Hopefuls/Gatlin_Justin_track_150x250.jpg","M"
"Kaleigh Gilchrist","water polo",69,170,24.2383561643836,"http://www.teamusa.org/usa-water-polo/athletes/Kaleigh-Gilchrist","http://www.teamusa.org/~/media/TeamUSA/Headshots/Pam-Am-Games-2015/Water-Polo-Women/Water_Polo_Women_-Gilchrist_Kaleigh.jpg","F"
"Kami Craig","water polo",71,195,29.0630136986301,"http://www.teamusa.org/usa-water-polo/athletes/Kami-Craig","http://www.teamusa.org/~/media/TeamUSA/Headshots/Pam-Am-Games-2015/Water-Polo-Women/Water_Polo_Women_-Craig_Kameryn.jpg","F"
"Kanak Jha","table tennis",65,114,16.1397260273973,"http://www.teamusa.org/usa-table-tennis/athletes/Kanak-Jha","http://www.teamusa.org/~/media/USA_Table_Tennis/Images/National-Team/2016/Olympic-Team/JHA_Kanak150x250.jpg","M"
"Kara Winger","track and field",72,185,30.3424657534247,"http://www.teamusa.org/usa-track-and-field/athletes/Kara-Patterson","http://www.teamusa.org/~/media/TeamUSA/TrackAndField/Winger_Kara/Winger_Kara_150x250_2.jpg","F"
"Karsta Lowe","volleyball",76,180,23.5205479452055,"http://www.teamusa.org/usa-volleyball/athletes/Karsta-Lowe","http://www.teamusa.org/~/media/USA_Volleyball/Images/Athlete-Head-Shots/Women-Indoor/KarstaLowe.jpg","F"
"Kat Sharkey","field hockey",64,128,26.2849315068493,"http://www.teamusa.org/usa-field-hockey/athletes/Kathleen-Sharkey","http://www.teamusa.org/~/media/USA_Field_Hockey/2015-USWNT/2015-16-Headshots/Sharkey_150x225.jpg","F"
"Kate Bertko","rowing",69,128,32.7643835616438,"http://www.teamusa.org/us-rowing/athletes/Kate-Bertko","http://www.teamusa.org/~/media/TeamUSA/RioHeadshots/Bertko_Kate_150x250.jpg","F"
"Katelin Snyder","rowing",64,110,28.9917808219178,"http://www.teamusa.org/us-rowing/athletes/Katelin-Snyder","http://www.teamusa.org/~/media/TeamUSA/Rowing/Snyder_Katelin/snyder_katelin_150x250_1.jpg","F"
"Katelyn Falgowski","field hockey",66,141,27.8027397260274,"http://www.teamusa.org/usa-field-hockey/athletes/Katelyn-Falgowski","http://www.teamusa.org/~/media/USA_Field_Hockey/2015-USWNT/2015-16-Headshots/Falgowski_Small.jpg","F"
"Katharine Holmes","fencing",71,175,23.0739726027397,"http://www.teamusa.org/usa-fencing/athletes/Katharine-Holmes","http://www.teamusa.org/~/media/TeamUSA/RioHeadshots/Holmes_Kat_150x250.jpg","F"
"Kathleen Baker","swimming",68,149,19.4465753424658,"http://www.teamusa.org/usa-swimming/athletes/Kathleen-Baker","http://www.teamusa.org/~/media/TeamUSA/Headshots/2016OlympicTeam/Swimming/Baker_Kathleen_150x250.jpg","F"
"Kathryn Johnson","rugby",70,153,24.7972602739726,"http://www.teamusa.org/usa-rugby/athletes/Kathryn-Johnson","http://www.teamusa.org/~/media/TeamUSA/Headshots/Pam-Am-Games-2015/Rugby-Women/Rugby_Women_Johnson_Kathryn.jpg","F"
"Katie Bam","field hockey",61,120,17.6767123287671,"http://www.teamusa.org/usa-field-hockey/athletes/Katie-ODonnell","http://www.teamusa.org/~/media/USA_Field_Hockey/2016-CTD/2016KB_Headshot_edited-1.jpg","F"
"Katie Ledecky","swimming",72,160,19.4,"http://www.teamusa.org/usa-swimming/athletes/Connor-Jaeger","http://www.teamusa.org/~/media/TeamUSA/Headshots/2016OlympicTeam/Swimming/Jaeger_connor_150x250.jpg","F"
"Katie Meili","swimming",67,135,25.3232876712329,"http://www.teamusa.org/usa-swimming/athletes/Katie-Meili","http://www.teamusa.org/~/media/TeamUSA/Headshots/2016OlympicTeam/Swimming/Meili_Katie_150x250.jpg","F"
"Katie Reinprecht","field hockey",64,128,26.7780821917808,"http://www.teamusa.org/usa-field-hockey/athletes/Katie-Reinprecht","http://www.teamusa.org/~/media/USA_Field_Hockey/2015-USWNT/2015-16-Headshots/KReinprechtSMall.jpg","F"
"Katrina Young","diving",64,132,24.586301369863,"http://www.teamusa.org/usa-diving/athletes/Katrina-Young","http://www.teamusa.org/~/media/USA-Diving/Headshots/Young-Katrina-headshot.jpg","F"
"Kawika Shoji","volleyball",75,194,28.7534246575342,"http://www.teamusa.org/usa-volleyball/athletes/Kawika-Shoji","http://www.teamusa.org/~/media/USA_Volleyball/Images/Athlete-Head-Shots/Men-Indoor/USA7KawikaShoji.jpg","M"
"Kayla Banwarth","volleyball",70,155,27.5561643835616,"http://www.teamusa.org/usa-volleyball/athletes/Kayla-Banwarth","http://www.teamusa.org/~/media/USA_Volleyball/Images/WNT/2013-Head-Shots/USAVKaylaBanwarth.jpg","F"
"Kayla Harrison","judo",68,165,26.1123287671233,"http://www.teamusa.org/usa-judo/athletes/Kayla-Harrison","http://www.teamusa.org/~/media/TeamUSA/Images/11Hopefuls/Harrison_K120x187.jpg","F"
"Keith Sanderson","shooting",72,210,41.5342465753425,"http://www.teamusa.org/usa-shooting/athletes/Keith-Sanderson","http://www.teamusa.org/~/media/TeamUSA/Galleries/Keith-Sanderson-2012/head.jpg","M"
"Kelley Hurley","fencing",69,165,28.3561643835616,"http://www.teamusa.org/usa-fencing/athletes/Kelley-Hurley","http://www.teamusa.org/~/media/USA_Fencing/Images/Headshots/Kelley-Hurley.JPG","F"
"Kelley O'Hara","soccer",65,127,28.0219178082192,"http://www.teamusa.org/us-soccer/athletes/Kelley-OHara","http://www.teamusa.org/~/media/TeamUSA/Headshots/2016OlympicTeam/Soccer/OHara_Kelley_150x250.jpg","F"
"Kelly Catlin","cycling",66,140,20.7698630136986,"http://www.teamusa.org/usa-cycling/athletes/Kelly-Catlin","http://www.teamusa.org/~/media/TeamUSA/Headshots/Pam-Am-Games-2015/Cycling-Women/Cycling_Road_Track_Catlin_Kelly.jpg","F"
"Kelly Griffin","rugby",64,150,29.7643835616438,"http://www.teamusa.org/usa-rugby/athletes/Kelly-Griffin","http://www.teamusa.org/~/media/TeamUSA/Headshots/Pam-Am-Games-2015/Rugby-Women/Rugby_Women_Griffin_Kelly.jpg","F"
"Kelly Murphy","volleyball",74,170,26.8109589041096,"http://www.teamusa.org/usa-volleyball/athletes/Kelly-Murphy","http://www.teamusa.org/~/media/USA_Volleyball/Images/WNT/2013-Head-Shots/USAVKellyMurphy.jpg","F"
"Kelsey Card","track and field",70,255,23.9753424657534,"http://www.teamusa.org/usa-track-and-field/athletes/Kelsey-Card","http://www.teamusa.org/~/media/TeamUSA/Headshots/Pam-Am-Games-2015/Track-and-Field/Athletics_Card_Kelsey.jpg","F"
"Kelsey Kolojejchick","field hockey",63,145,24.8602739726027,"http://www.teamusa.org/usa-field-hockey/athletes/Kelsey-Kolojejchick","http://www.teamusa.org/~/media/USA_Field_Hockey/2015-USWNT/2015-16-Headshots/Kolojejchick_150x225.jpg","F"
"Kelsey Robinson","volleyball",74,155,24.1287671232877,"http://www.teamusa.org/usa-volleyball/athletes/Kelsey-Robinson","http://www.teamusa.org/~/media/USA_Volleyball/Images/Athlete-Head-Shots/Women-Indoor/KelseyRobinson.jpg","F"
"Kelsi Worrell","swimming",71,165,22.0739726027397,"http://www.teamusa.org/usa-swimming/athletes/Kelsi-Worrell","http://www.teamusa.org/~/media/TeamUSA/Headshots/2016OlympicTeam/Swimming/Worrell_Kelsi_150x250.jpg","F"
"Kendrick Farris","weightlifting",66,207,30.1150684931507,"http://www.teamusa.org/usa-weightlifting/athletes/Kendrick-Farris","http://www.teamusa.org/~/media/TeamUSA/Images/11Hopefuls/Farris_K120x187.jpg","M"
"Kent Farrington","equestrian",68,145,35.627397260274,"http://www.teamusa.org/us-equestrian/athletes/Kent-Farrington","http://www.teamusa.org/~/media/TeamUSA/Headshots/Pam-Am-Games-2015/Equestrian/farrington_kent.jpg","M"
"Kerri Walsh Jennings","volleyball",75,160,38,"http://www.teamusa.org/usa-volleyball/athletes/Kerri-Walsh","http://www.teamusa.org/~/media/USA_Volleyball/Images/Athlete-Head-Shots/Beach-Volleyball/Beach_KerriWalsh150x250.jpg","F"
"Kerron Clement","track and field",74,190,30.7835616438356,"http://www.teamusa.org/usa-track-and-field/athletes/Kerron-Clement","http://www.teamusa.org/~/media/TeamUSA/RioHeadshots/TrackAndField/Clement_Kerron_150x250.jpg","M"
"Kerry Simmonds","rowing",72,180,27.358904109589,"http://www.teamusa.org/us-rowing/athletes/Kerry-Simmonds","http://www.teamusa.org/~/media/TeamUSA/Rowing/Misc/Simmonds_Kerry_150x250.jpg","F"
"Kevin Cordes","swimming",77,193,22.9945205479452,"http://www.teamusa.org/usa-swimming/athletes/Kevin-Cordes","http://www.teamusa.org/~/media/TeamUSA/Headshots/2016OlympicTeam/Swimming/Cordes_Kevin_150x250.jpg","M"
"Kevin Durant","basketball",81,230,27.8684931506849,"http://www.teamusa.org/usa-basketball/athletes/Kevin-Durant","http://www.teamusa.org/~/media/TeamUSA/Basketball/Durant_Kevin/Durant_Kevin_150x250_2.jpg","M"
"Kiana Eide","gymnastics",63,118,17.8739726027397,"http://www.teamusa.org/usa-gymnastics/athletes/Kiana-Eide","http://www.teamusa.org/~/media/TeamUSA/Headshots/Pam-Am-Games-2015/Gymnastics-Women/Gymnastics_Rhythmic_Eide_Kiana.jpg","M"
"Kiley Neushul","water polo",68,145,23.4356164383562,"http://www.teamusa.org/usa-water-polo/athletes/Kiley-Neushul","http://www.teamusa.org/~/media/TeamUSA/Headshots/Pam-Am-Games-2015/Water-Polo-Women/Water_Polo_Women_-Neushul_Kiley.jpg","F"
"Kim Conley","track and field",63,110,30.4164383561644,"http://www.teamusa.org/usa-track-and-field/athletes/Kim-Conley","http://www.teamusa.org/~/media/USA_Paralympics/Headshots/aug-17/conleyhead.jpg","F"
"Kim Hill","volleyball",76,159,26.6986301369863,"http://www.teamusa.org/usa-volleyball/athletes/Kim-Hill","http://www.teamusa.org/~/media/USA_Volleyball/Images/WNT/2013-Head-Shots/USAVKimHill.jpg","F"
"KK Clark","water polo",74,160,26.1232876712329,"http://www.teamusa.org/usa-water-polo/athletes/KK-Clark","http://www.teamusa.org/~/media/TeamUSA/Headshots/Pam-Am-Games-2015/Water-Polo-Women/Water_Polo_Women_-Clark_Caroline.jpg","F"
"Kristen Shaldybin","gymnastics",69,125,19.0054794520548,"http://www.teamusa.org/usa-gymnastics/athletes/Kristen-Shaldybin","http://www.teamusa.org/~/media/TeamUSA/Headshots/Pam-Am-Games-2015/Gymnastics-Women/Gymnastics_Rhythmic_Shaldybin_Kristen.jpg","M"
"Kristian Ipsen ","diving",67,160,23.8082191780822,"http://www.teamusa.org/usa-diving/athletes/Kristian-Ipsen","http://www.teamusa.org/~/media/USA-Diving/Headshots/Ipsen-Kristian-headshot.jpg","M"
"Kyle Clemons","track and field",71,160,25.6246575342466,"http://www.teamusa.org/usa-track-and-field/athletes/Kyle-Clemons","http://www.teamusa.org/~/media/TeamUSA/Headshots/Pam-Am-Games-2015/Track-and-Field/Athletics_Clemons_Kyle.jpg","M"
"Kyle Lowry","basketball",72,250,30.386301369863,"http://www.teamusa.org/usa-basketball/athletes/Kyle-Lowry","http://www.teamusa.org/~/media/TeamUSA/Basketball/Lowry_Kyle/Lowry_Kyle_150x250.jpg","M"
"Kyrie Irving","basketball",75,193,24.386301369863,"http://www.teamusa.org/usa-basketball/athletes/Kyrie-Irving","http://www.teamusa.org/~/media/TeamUSA/Basketball/Irving_Kyrie/Irving_Kyrie_150x250.jpg","M"
"LaShawn Merritt","track and field",75,190,30.1287671232877,"http://www.teamusa.org/usa-track-and-field/athletes/Lashawn-Merritt","http://www.teamusa.org/~/media/TeamUSA/TrackAndField/Merrit_LaShawn/Merritt_LeShawn_150x250.jpg","M"
"Laura Graves","equestrian",68,120,29.0602739726027,"http://www.teamusa.org/us-equestrian/athletes/Laura-Graves","http://www.teamusa.org/~/media/TeamUSA/Headshots/Pam-Am-Games-2015/Equestrian/Equestrian_Dressage_Graves_Laura.jpg","F"
"Laura Zeng","gymnastics",63,95,16.8219178082192,"http://www.teamusa.org/usa-gymnastics/athletes/Laura-Zeng","http://www.teamusa.org/~/media/TeamUSA/Headshots/Pam-Am-Games-2015/Gymnastics-Women/Gymnastics_Rhythmic_Zeng_Laura.jpg","M"
"Lauren Crandall","field hockey",63,130,31.3808219178082,"http://www.teamusa.org/usa-field-hockey/athletes/Lauren-Crandall","http://www.teamusa.org/~/media/USA_Field_Hockey/2015-USWNT/2015-16-Headshots/Crandall_Small.jpg","F"
"Lauren Doyle","rugby",66,150,25.4657534246575,"http://www.teamusa.org/usa-rugby/athletes/Lauren-Doyle","http://www.teamusa.org/~/media/TeamUSA/Headshots/Pam-Am-Games-2015/Rugby-Women/Rugby_Women_Doyle_Lauren.jpg","F"
"Lauren Fendrick","volleyball",73,166,34.4027397260274,"http://www.teamusa.org/usa-volleyball/athletes/Lauren-Fendrick","http://www.teamusa.org/~/media/USA_Volleyball/Images/Athlete-Head-Shots/Beach-Volleyball/Web-LaurenFendrick.jpg","F"
"Lauren Kieffer","equestrian",70,150,29.186301369863,"http://www.teamusa.org/us-equestrian/athletes/Lauren-Kieffer","http://www.teamusa.org/~/media/TeamUSA/Headshots/Pam-Am-Games-2015/Equestrian/Equestrian_Eventing_Kieffer_Lauren.jpg","F"
"Lauren Schmetterling","rowing",71,170,28.0246575342466,"http://www.teamusa.org/us-rowing/athletes/Lauren-Schmetterling","http://www.teamusa.org/~/media/TeamUSA/Rowing/Misc/Schmetterling_Lauren_150x250.jpg","F"
"Lea Davison","cycling",66,122,33.2383561643836,"http://www.teamusa.org/usa-cycling/athletes/Lea-Davison","http://www.teamusa.org/~/media/TeamUSA/Cycling/Davison_Lea/Davison_Lea_150x250.jpg","M"
"Leah Smith","swimming",69,149,21.3123287671233,"http://www.teamusa.org/usa-swimming/athletes/Leah-Smith","http://www.teamusa.org/~/media/TeamUSA/Headshots/2016OlympicTeam/Swimming/Smith_Leah_150x250.jpg","F"
"Lee Kiefer","fencing",64,107,22.1561643835616,"http://www.teamusa.org/usa-fencing/athletes/Lee-Kiefer","http://www.teamusa.org/~/media/TeamUSA/Headshots/Pam-Am-Games-2015/Fencing/Fencing_Kiefer_Lee.jpg","F"
"Lexi Thompson","golf",71,160,21.4986301369863,"http://www.teamusa.org/usa-golf/athletes/Lexi-Thompson","http://www.teamusa.org/~/media/USA_Golf/headshots/Lexi_headshot-face-on2.jpg","F"
"Lia Neal","swimming",70,165,21.4904109589041,"http://www.teamusa.org/usa-swimming/athletes/Lia-Neal","http://www.teamusa.org/~/media/TeamUSA/Headshots/2016OlympicTeam/Swimming/Neal_Lia_150x250.jpg","F"
"Lilly King","swimming",69,155,19.4958904109589,"http://www.teamusa.org/usa-swimming/athletes/Lilly-King","http://www.teamusa.org/~/media/TeamUSA/Headshots/2016OlympicTeam/Swimming/King_lilly_150x250.jpg","F"
"Lily Zhang","table tennis",65,130,20.1506849315068,"http://www.teamusa.org/usa-table-tennis/athletes/Lily-Zhang","http://www.teamusa.org/~/media/USA_Table_Tennis/Images/National-Team/2016/Olympic-Team/Zhang_Lily150x250.jpg","F"
"Lindsay Whalen","basketball",69,160,34.2657534246575,"http://www.teamusa.org/usa-basketball/athletes/Lindsay-Whalen","http://www.teamusa.org/~/media/TeamUSA/Galleries/Lindsay-Whalen-2012/head.jpg","F"
"Lindsey Horan","soccer",69,165,22.2109589041096,"http://www.teamusa.org/us-soccer/athletes/Lindsey-Horan","http://www.teamusa.org/~/media/TeamUSA/Headshots/2016OlympicTeam/Soccer/Horan_Lindsey_150x250.jpg","F"
"Logan Dooley","gymnastics",69,130,28.8794520547945,"http://www.teamusa.org/usa-gymnastics/athletes/Logan-Dooley","http://www.teamusa.org/~/media/TeamUSA/Headshots/Pam-Am-Games-2015/Gymnastics-Men/Gymnastics_Trampoline_Dooley_Logan.jpg","F"
"Louisa Chafee","sailing",65,125,24.8821917808219,"http://www.teamusa.org/us-sailing/athletes/Louisa-Chafee","http://www.teamusa.org/~/media/TeamUSA/RioHeadshots/Chafee_Louisa_150x250.jpg","F"
"Luca Cupido","water polo",76,210,20.7534246575342,"http://www.teamusa.org/usa-water-polo/athletes/Luca-Cupido","http://www.teamusa.org/~/media/TeamUSA/Headshots/Pam-Am-Games-2015/Water-Polo-Men/Water_Polo_Men_Cupido_Luca.jpg","M"
"Lucas Kozeniesky","shooting",71,175,21.1972602739726,"http://www.teamusa.org/usa-shooting/athletes/Lucas-Kozeniesky","http://www.teamusa.org/~/media/TeamUSA/Shooting/Kozeniesky_Lucas/kozeniesky_lucas_150x250.jpg","M"
"Lydia Paterson ","shooting",64,153,19.813698630137,"http://www.teamusa.org/usa-shooting/athletes/Lydia-Paterson","http://www.teamusa.org/~/media/TeamUSA/RioHeadshots/Paterson_Lydia_150x250.jpg","F"
"Mackenzie Brown","archery",71,165,21.4109589041096,"http://www.teamusa.org/usa-archery/athletes/Mackenzie-Brown","http://www.teamusa.org/~/media/USA_Archery/July-2015/Mack-Brown-Bio.jpg","F"
"Mackenzie Fischer","water polo",73,165,19.3671232876712,"http://www.teamusa.org/usa-water-polo/athletes/Makenzie-Fischer","http://www.teamusa.org/~/media/TeamUSA/Headshots/Pam-Am-Games-2015/Water-Polo-Women/Water_Polo_Women_-Fischer_Makenzie.jpg","F"
"Maddie Musselman","water polo",71,145,18.1506849315068,"http://www.teamusa.org/usa-water-polo/athletes/Maddie-Musselman","http://www.teamusa.org/~/media/TeamUSA/Headshots/Pam-Am-Games-2015/Water-Polo-Women/Water_Polo_Women_-Musselman_Madeline.jpg","F"
"Madison Hughes","rugby",68,175,23.7917808219178,"http://www.teamusa.org/usa-rugby/athletes/Madison-Hughes","http://www.teamusa.org/~/media/TeamUSA/Headshots/Pam-Am-Games-2015/Rugby-Men/hughes_madison_2.jpg","M"
"Madison Keys","tennis",70,150,21.4794520547945,"http://www.teamusa.org/usa-tennis/athletes/Madison-Keys","http://www.teamusa.org/~/media/TeamUSA/Headshots/2016OlympicHopefuls/Keys_madison_150x250.jpg","F"
"Madison Kocian","gymnastics",62,102,19.1534246575342,"http://www.teamusa.org/usa-gymnastics/athletes/Madison-Kocian","http://www.teamusa.org/~/media/TeamUSA/Headshots/2016OlympicHopefuls/Kocian_Madison_150x250.jpg","F"
"Maggie Hogan","canoe kayak",67,135,37.6191780821918,"http://www.teamusa.org/usa-canoe-kayak/athletes/Maggie-Hogan","http://www.teamusa.org/~/media/USA_Canoe_Kayak/Images/Headshots/Maggie-Hogan.jpg","F"
"Mallory Pugh","soccer",64,120,18.2821917808219,"http://www.teamusa.org/us-soccer/athletes/Mallory-Pugh","http://www.teamusa.org/~/media/TeamUSA/Headshots/2016OlympicTeam/Soccer/Pugh_Mallory_150x250.jpg","F"
"Maria Michta-Coffey","track and field",65,110,30.1397260273973,"http://www.teamusa.org/usa-track-and-field/athletes/Maria-Michta","http://www.teamusa.org/~/media/TeamUSA/Headshots/Pam-Am-Games-2015/Track-and-Field/Athletics_Michta_Maria.jpg","F"
"Mariel Zagunis","fencing",68,160,31.4465753424658,"http://www.teamusa.org/usa-fencing/athletes/Mariel-Zagunis","http://www.teamusa.org/~/media/TeamUSA/Headshots/Pam-Am-Games-2015/Fencing/Fencing_Zagunis_Mariel.jpg","F"
"Marion Lepert","sailing",70,135,20.8958904109589,"http://www.teamusa.org/us-sailing/athletes/Marion-Lepert","http://www.teamusa.org/~/media/TeamUSA/Headshots/Pam-Am-Games-2015/Sailing/Sailing_Lepert_Marion.jpg","F"
"Mariya Koroleva","synchronized swimming",65,123,26.3397260273973,"http://www.teamusa.org/usa-synchronized-swimming/athletes/Mariya-Koroleva","http://www.teamusa.org/~/media/USA_Synchronized/Images/Headshots/2015-Senior-National-Squad/Mariya_Koroleva_HS_2015.jpg","F"
"Marti Malloy","judo",63,130,30.1397260273973,"http://www.teamusa.org/usa-judo/athletes/Marti-Malloy","http://www.teamusa.org/~/media/TeamUSA/Mobile-App-Headshots/MartiMalloy.jpeg","F"
"Matt Anderson","volleyball",81,190,29.3205479452055,"http://www.teamusa.org/usa-volleyball/athletes/Matt-Anderson","http://www.teamusa.org/~/media/USA_Volleyball/Images/Athlete-Head-Shots/Men-Indoor/USA1MattAnderson.jpg","M"
"Matt Baranoski","cycling",72,212,23.041095890411,"http://www.teamusa.org/usa-cycling/athletes/Matt-Baranoski","http://www.teamusa.org/~/media/TeamUSA/Headshots/Pam-Am-Games-2015/Cycling-Men/Cycling_Track_Baranoski_Matt.jpg","F"
"Matt Emmons","shooting",69,185,35.358904109589,"http://www.teamusa.org/usa-shooting/athletes/Matthew-Emmons","http://www.teamusa.org/~/media/TeamUSA/Shooting/Emmons_Matt/EmmonsHEADSHOT.jpg","M"
"Matt Kuchar","golf",76,190,38.1506849315069,"http://www.teamusa.org/Athletes/KU/Matt-Kuchar","http://www.teamusa.org/~/media/USA_Golf/headshots/Kuchar_Matt_14MCG2.jpg","M"
"Matt Miller","rowing",77,217,27.5780821917808,"http://www.teamusa.org/us-rowing/athletes/Matt-Miller","http://www.teamusa.org/~/media/TeamUSA/Rowing/Misc/Miller_Matt_150x250.jpg","M"
"Matthew Centrowitz","track and field",69,145,26.8164383561644,"http://www.teamusa.org/usa-track-and-field/athletes/Matthew-Centrowitz","http://www.teamusa.org/~/media/USA_Paralympics/Headshots/centrowitzhead.jpg","M"
"Max Holt","volleyball",82,198,29.4219178082192,"http://www.teamusa.org/usa-volleyball/athletes/Max-Holt","http://www.teamusa.org/~/media/USA_Volleyball/Images/Athlete-Head-Shots/Men-Indoor/USA17MaxHolt.jpg","M"
"Maya DiRado","swimming",69,143,23.3506849315068,"http://www.teamusa.org/para-swimming/athletes/Madison-Dirado","http://www.teamusa.org/~/media/TeamUSA/Headshots/2016OlympicTeam/Swimming/DiRado_Maya_150x25.jpg","F"
"Maya Moore","basketball",72,175,27.1698630136986,"http://www.teamusa.org/usa-basketball/athletes/Maya-Moore","http://www.teamusa.org/~/media/TeamUSA/Basketball/Headshots/Moore_maya_150x250_1.jpg","F"
"McLain Ward","equestrian",68,160,40.8301369863014,"http://www.teamusa.org/us-equestrian/athletes/McLain-Ward","http://www.teamusa.org/~/media/USA_Paralympics/Headshots/aug-17/wardhead.jpg","M"
"McQuin Baron","water polo",80,205,20.7890410958904,"http://www.teamusa.org/usa-water-polo/athletes/McQuin-Baron","http://www.teamusa.org/~/media/TeamUSA/Headshots/Pam-Am-Games-2015/Water-Polo-Men/Water_Polo_Men_Baron_McQuin.jpg","M"
"Meb Keflezighi","track and field",65,125,41.2821917808219,"http://www.teamusa.org/usa-track-and-field/athletes/Mebrahtom-Keflezighi","http://www.teamusa.org/~/media/TeamUSA/Galleries/Meb-Keflezighi-2012/Mebrahtom-Keflezighi.jpg","M"
"Megan Kalmoe","rowing",70,160,32.9808219178082,"http://www.teamusa.org/us-rowing/athletes/Megan-Kalmoe","http://www.teamusa.org/~/media/TeamUSA/Rowing/Kalmoe_Megan/Kalmoe_Megan_150x250.jpg","F"
"Megan Rapinoe","soccer",66,133,31.1068493150685,"http://www.teamusa.org/us-soccer/athletes/Megan-Rapinoe","http://www.teamusa.org/~/media/TeamUSA/Headshots/2016OlympicTeam/Soccer/Rapinoe_Megan_150x250.jpg","F"
"Meghan Klingenberg","soccer",62,122,28.027397260274,"http://www.teamusa.org/us-soccer/athletes/Meghan-Klingenberg","http://www.teamusa.org/~/media/TeamUSA/Headshots/2016OlympicTeam/Soccer/Klingenberg_Meghan_150x250.jpg","F"
"Meghan Musnicki","rowing",72,163,33.5205479452055,"http://www.teamusa.org/us-rowing/athletes/Meghan-Musnicki","http://www.teamusa.org/~/media/TeamUSA/Rowing/Musnicki_Meghan/Musnicki_Meghan_150x250.jpg","F"
"Meghan O'Leary","rowing",72,162,31.9698630136986,"http://www.teamusa.org/us-rowing/athletes/Meghan-OLeary","http://www.teamusa.org/~/media/TeamUSA/RioHeadshots/Oleary_Meghan_150x250.jpg","F"
"MelanieMargalis","swimming",68,144,24.6164383561644,"http://www.teamusa.org/usa-swimming/athletes/Melanie-Margalis","http://www.teamusa.org/~/media/TeamUSA/Headshots/2016OlympicTeam/Swimming/Margalis_Melanie_150x250.jpg","F"
"Melissa Gonzalez","field hockey",63,130,27.5479452054795,"http://www.teamusa.org/usa-field-hockey/athletes/Melissa-Gonzalez","http://www.teamusa.org/~/media/USA_Field_Hockey/2015-USWNT/2015-16-Headshots/Gonzalez_Small.jpg","F"
"Melissa Seidemann","water polo",72,230,26.1287671232877,"http://www.teamusa.org/usa-water-polo/athletes/Melissa-Seidemann","http://www.teamusa.org/~/media/TeamUSA/Headshots/Pam-Am-Games-2015/Water-Polo-Women/Water_Polo_Women_-Seidemann_Melissa.jpg","F"
"Merrill Moses","water polo",75,215,39.0054794520548,"http://www.teamusa.org/usa-water-polo/athletes/Merrill-Moses","http://www.teamusa.org/~/media/TeamUSA/Headshots/Pam-Am-Games-2015/Water-Polo-Men/Water_Polo_Men_Moses_Merrill.jpg","M"
"Micah Christenson","volleyball",78,190,23.2602739726027,"http://www.teamusa.org/usa-volleyball/athletes/Micah-Christenson","http://www.teamusa.org/~/media/USA_Volleyball/Images/Athlete-Head-Shots/Men-Indoor/USA11MicahChristenson.jpg","M"
"Michael Hixon","diving",68,150,22.0712328767123,"http://www.teamusa.org/usa-diving/athletes/Michael-Hixon","http://www.teamusa.org/~/media/USA-Diving/Headshots/Hixon-Michael-headshot.jpg","M"
"Michael Phelps","swimming",76,200,31.1205479452055,"http://www.teamusa.org/usa-swimming/athletes/Michael-Phelps","http://www.teamusa.org/~/media/TeamUSA/Headshots/2016OlympicTeam/Swimming/Phelps_Michael_150x250.jpg","M"
"Michael Tinsley","track and field",73,165,32.3123287671233,"http://www.teamusa.org/usa-track-and-field/athletes/Michael-Tinsley","http://www.teamusa.org/~/media/USA_Paralympics/Headshots/aug-17/tinsleyhead.jpg","M"
"Michal Smolen","canoe kayak",71,155,22.9095890410959,"http://www.teamusa.org/usa-canoe-kayak/athletes/Michal-Smolen","http://www.teamusa.org/~/media/USA_Canoe_Kayak/Images/Headshots/MichalSmolen.jpg","M"
"Michelle Carter","track and field",69,300,30.8356164383562,"http://www.teamusa.org/usa-track-and-field/athletes/Michelle-Carter","http://www.teamusa.org/~/media/TeamUSA/RioHeadshots/TrackAndField/Carter_Michelle_150x250_1.jpg","F"
"Michelle Kasold","field hockey",63,118,29.2164383561644,"http://www.teamusa.org/usa-field-hockey/athletes/Michelle-Kasold","http://www.teamusa.org/~/media/USA_Field_Hockey/2015-USWNT/2015-16-Headshots/Kasold_Small.jpg","F"
"Michelle Vittese","field hockey",63,128,26.6821917808219,"http://www.teamusa.org/usa-field-hockey/athletes/Michelle-Vittese","http://www.teamusa.org/~/media/USA_Field_Hockey/2015-USWNT/2015-16-Headshots/Vittese_Small.jpg","F"
"Mikaela Mayer","boxing",69,132,26.1068493150685,"http://www.teamusa.org/usa-boxing/athletes/Mikaela-Mayer","http://www.teamusa.org/~/media/TeamUSA/RioHeadshots/mayer_mikaela_150x250.jpg","F"
"Mike Bryan","tennis",74,180,38.2958904109589,"http://www.teamusa.org/usa-tennis/athletes/Mike-Bryan","http://www.teamusa.org/~/media/TeamUSA/Images/11Hopefuls/BryanM_tennis120x187.jpg","M"
"Miles Chamley-Watson","fencing",75,175,26.6904109589041,"http://www.teamusa.org/usa-fencing/athletes/Miles-ChamleyWatson","http://www.teamusa.org/~/media/TeamUSA/Headshots/Pam-Am-Games-2015/Fencing/Fencing_Watson_Chamley_Miles.jpg","M"
"Missy Franklin","swimming",74,170,21.2547945205479,"http://www.teamusa.org/usa-swimming/athletes/Missy-Franklin","http://www.teamusa.org/~/media/TeamUSA/Headshots/2016OlympicTeam/Swimming/Franklin_Missy_150x250.jpg","F"
"Molly Hannis","swimming",66,155,24.413698630137,"http://www.teamusa.org/usa-swimming/athletes/Molly-Hannis","http://www.teamusa.org/~/media/TeamUSA/Headshots/2016OlympicTeam/Swimming/Hannis_Molly_150x250.jpg","F"
"Molly Huddle","track and field",65,108,31.9506849315068,"http://www.teamusa.org/usa-track-and-field/athletes/Molly-Huddle","http://www.teamusa.org/~/media/USA_Paralympics/Headshots/aug-17/huddlehead.jpg","F"
"Monica Rokhman","gymnastics",68,123,19.2054794520548,"http://www.teamusa.org/usa-gymnastics/athletes/Monica-Rokhman","http://www.teamusa.org/~/media/TeamUSA/Headshots/Pam-Am-Games-2015/Gymnastics-Women/Gymnastics_Rhythmic_Rokhman_Monica.jpg","M"
"Morgan Brian","soccer",67,127,23.4547945205479,"http://www.teamusa.org/us-soccer/athletes/Morgan-Brian","http://www.teamusa.org/~/media/TeamUSA/Headshots/2016OlympicTeam/Soccer/Brian_Morgan_150x250.jpg","F"
"Morgan Craft","shooting",63,140,23.2520547945205,"http://www.teamusa.org/usa-shooting/athletes/2/Morgan-Craft","http://www.teamusa.org/~/media/TeamUSA/Shooting/Craft_Morgan/Craft_Morgan_150x250.jpg","F"
"Morghan King","weightlifting",60,110,30.8465753424658,"http://www.teamusa.org/usa-weightlifting/athletes/Morghan-King","http://www.teamusa.org/~/media/USA_Weightlifting/Images/Headshots/Athletes/King-Morghan.jpg","F"
"Morolake Akinosun","track and field",64,133,22.2356164383562,"http://www.teamusa.org/usa-track-and-field/athletes/Morolake-Akinosun","http://www.teamusa.org/~/media/TeamUSA/Headshots/Pam-Am-Games-2015/Track-and-Field/Athletics_Akinosun_Morolake.jpg","F"
"Murphy Troy","volleyball",80,235,27.2,"http://www.teamusa.org/usa-volleyball/athletes/Murphy-Troy","http://www.teamusa.org/~/media/USA_Volleyball/Images/Athlete-Head-Shots/Men-Indoor/USA9MurphyTroy.jpg","M"
"Nana Fa'avesi","rugby",66,161,24.5150684931507,"http://www.teamusa.org/usa-rugby/athletes/Nana-Faavesi","http://www.teamusa.org/~/media/TeamUSA/Headshots/Pam-Am-Games-2015/Rugby-Women/Rugby_Women_Faavesi_Joanne.jpg","F"
"Nareg Guregian","rowing",77,215,27.558904109589,"http://www.teamusa.org/us-rowing/athletes/Nareg-Guregian","http://www.teamusa.org/~/media/TeamUSA/Headshots/Pam-Am-Games-2015/Rowing/Rowing_Guregian_Nareg.jpg","M"
"Natalie McGiffert","gymnastics",63,97,19.4082191780822,"http://www.teamusa.org/usa-gymnastics/athletes/Natalie-McGiffert","http://www.teamusa.org/~/media/TeamUSA/Headshots/Pam-Am-Games-2015/Gymnastics-Women/Gymnastics_Rhythmic_McGiffert_Natalie.jpg","M"
"Natasha Hastings","track and field",68,150,30.0575342465753,"http://www.teamusa.org/usa-track-and-field/athletes/Natasha-Hastings","http://www.teamusa.org/~/media/TeamUSA/Headshots/2016OlympicHopefuls/Hastings_Natasha_150x250.jpg","F"
"Nate Ebner","rugby",73,215,27.6602739726027,"http://www.teamusa.org/usa-rugby/athletes/Nate-Ebner","http://www.teamusa.org/~/media/TeamUSA/Headshots/2016OlympicHopefuls/ebner_nate_150x250_2.jpg","M"
"Nathan Adrian","swimming",78,225,27.6794520547945,"http://www.teamusa.org/usa-swimming/athletes/Nathan-Adrian","http://www.teamusa.org/~/media/TeamUSA/Headshots/2016OlympicTeam/Swimming/adrian_nathan_150x250.jpg","M"
"Nathan Schrimsher","modern pentathlon",74,174,24.2219178082192,"http://www.teamusa.org/usa-modern-pentathlon/athletes/Nathan-Schrimsher","http://www.teamusa.org/~/media/USA_Modern_Pentathlon/Images/2016/Nathan-Schrimsher/IMG_0920_150x250.jpg","M"
"Nic Long","cycling",74,190,26.8493150684932,"http://www.teamusa.org/usa-cycling/athletes/Nicholas-Long","http://www.teamusa.org/~/media/TeamUSA/Headshots/Pam-Am-Games-2015/Cycling-Men/Cycling_BMX_Long_Nicholas.jpg","M"
"Nick Delpopolo","judo",68,170,27.5068493150685,"http://www.teamusa.org/usa-judo/athletes/Nick-Delpopolo","http://www.teamusa.org/~/media/USA_Judo/Images/Athlete-Headshots/NickDelpopolo.jpg","M"
"Nick Lucena","volleyball",73,185,36.8958904109589,"http://www.teamusa.org/usa-volleyball/athletes/Nick-Lucena","http://www.teamusa.org/~/media/USA_Volleyball/Images/Athlete-Head-Shots/Beach-Volleyball/Web-NickLucena.jpg","M"
"Nico Hernandez","boxing",65,108,20.6,"http://www.teamusa.org/usa-boxing/athletes/Nico-Hernandez","http://www.teamusa.org/~/media/USA_Boxing/Images/Athlete-Photos/Olympic-poster-photos/Nico-website.jpg","M"
"Nicole Ahsinger","gymnastics",64,128,18.2465753424658,"http://www.teamusa.org/usa-gymnastics/athletes/Nicole-Ashinger","http://www.teamusa.org/~/media/TeamUSA/RioHeadshots/Ahsinger_Nicole_150x250.jpg","F"
"Nzingha Prescod","fencing",64,139,23.9917808219178,"http://www.teamusa.org/usa-fencing/athletes/Nzingha-Prescod","http://www.teamusa.org/~/media/TeamUSA/Headshots/Pam-Am-Games-2015/Fencing/Fencing_Prescod_Nzingha.jpg","F"
"Olivia Smoliga","swimming",74,165,21.8301369863014,"http://www.teamusa.org/usa-swimming/athletes/Olivia-Smoliga","http://www.teamusa.org/~/media/TeamUSA/Headshots/2016OlympicTeam/Swimming/Smoliga_Olivia_150x250.jpg","F"
"Paige McPherson","taekwondo",68,140,25.8630136986301,"http://www.teamusa.org/usa-taekwondo/athletes/Paige-McPherson","http://www.teamusa.org/~/media/TeamUSA/Images/11Hopefuls/McPherson_taekwondo_120x187.jpg","F"
"Paige Railey","sailing",68,147,29.2465753424658,"http://www.teamusa.org/us-sailing/athletes/Paige-Railey","http://www.teamusa.org/~/media/TeamUSA/Headshots/Pam-Am-Games-2015/Sailing/Sailing_Railey_Paige.jpg","F"
"Paris Henken","sailing",66,140,20.6356164383562,"http://www.teamusa.org/us-sailing/athletes/Paris-Henken","http://www.teamusa.org/~/media/TeamUSA/Headshots/Pam-Am-Games-2015/Sailing/Sailing_Henken_Paris.jpg","F"
"Patrick Reed","golf",72,200,26.0191780821918,"http://www.teamusa.org/usa-golf/athletes/Patrick-Reed","http://www.teamusa.org/~/media/USA_Golf/headshots/Reed_Patrick_14CAD2.jpg","M"
"Paul George","basketball",81,220,26.2794520547945,"http://www.teamusa.org/usa-basketball/athletes/Paul-George","http://www.teamusa.org/~/media/TeamUSA/Basketball/George_Paul/George_Paul_150x250.jpg","M"
"Paula Lynn Obanana","badminton",63,128,31.4027397260274,"http://www.teamusa.org/usa-badminton/athletes/PaulaLynn-Obanana","http://www.teamusa.org/~/media/USA_Badminton/Images/2016-Athlete-Headshots-for-Web/PaulaLynnObanana_web.jpg","F"
"Pedro Pascual","sailing",73,154,20.4054794520548,"http://www.teamusa.org/us-sailing/athletes/Pedro-Pascual","http://www.teamusa.org/~/media/TeamUSA/RioHeadshots/Pascual_Pedro_150x250.jpg","M"
"Perry Baker","rugby",73,180,30.1232876712329,"http://www.teamusa.org/usa-rugby/athletes/Perry-Baker","http://www.teamusa.org/~/media/TeamUSA/Headshots/Pam-Am-Games-2015/Rugby-Men/Rugby_Men_Baker_Perry.jpg","M"
"Phil Dalhausser","volleyball",81,205,36.5506849315069,"http://www.teamusa.org/usa-volleyball/athletes/Phil-Dalhausser","http://www.teamusa.org/~/media/USA_Volleyball/Images/Athlete-Head-Shots/Beach-Volleyball/Web-Phil-Dalhausser2014.jpg","M"
"Phillip Chew","badminton",68,200,22.2383561643836,"http://www.teamusa.org/usa-badminton/athletes/Phillip-Chew","http://www.teamusa.org/~/media/USA_Badminton/Images/2016-Athlete-Headshots-for-Web/PhillipChew_web.jpg","M"
"Phillip Dutton","equestrian",66,150,52.9315068493151,"http://www.teamusa.org/us-equestrian/athletes/Phillip-Dutton","http://www.teamusa.org/~/media/TeamUSA/Headshots/Pam-Am-Games-2015/Equestrian/Equestrian_Eventing_Dutton_Phillip.jpg","M"
"Rachael Adams","volleyball",74,178,26.1917808219178,"http://www.teamusa.org/usa-volleyball/athletes/Rachael-Adams","http://www.teamusa.org/~/media/USA_Volleyball/Images/WNT/2013-Head-Shots/USAVRachaelAdams.jpg","F"
"Rachel Dawson","field hockey",70,150,31.0301369863014,"http://www.teamusa.org/usa-field-hockey/athletes/Rachel-Dawson","http://www.teamusa.org/~/media/USA_Field_Hockey/2015-USWNT/2015-16-Headshots/Dawson.jpg","F"
"Rachel Fattal","water polo",68,145,22.6684931506849,"http://www.teamusa.org/usa-water-polo/athletes/Rachel-Fattal","http://www.teamusa.org/~/media/TeamUSA/Headshots/Pam-Am-Games-2015/Water-Polo-Women/Water_Polo_Women_-Fattal_Rachel.jpg","F"
"Reid Priddy","volleyball",76,195,38.8712328767123,"http://www.teamusa.org/usa-volleyball/athletes/Reid-Priddy","http://www.teamusa.org/~/media/USA_Volleyball/Images/Athlete-Head-Shots/Men-Indoor/USA8ReidPriddy.jpg","M"
"Richelle Stephen","rugby",66,145,20.0520547945205,"http://www.teamusa.org/usa-rugby/athletes/Richelle-Stephens","http://www.teamusa.org/~/media/TeamUSA/Headshots/Pam-Am-Games-2015/Rugby-Women/Rugby_Women_Stephens_Richelle.jpg","F"
"Rickie Fowler","golf",69,150,27.6630136986301,"http://www.teamusa.org/usa-golf/athletes/Rickie-Fowler","http://www.teamusa.org/~/media/USA_Golf/headshots/Fowler_Rickie_15BAR2.jpg","M"
"Rob Munn","rowing",76,215,26.0465753424658,"http://www.teamusa.org/us-rowing/athletes/Rob-Munn","http://www.teamusa.org/~/media/TeamUSA/Rowing/Misc/Munn_Rob_150x250.jpg","M"
"Robby Smith","wrestling",72,280,29.5342465753425,"http://www.teamusa.org/usa-wrestling/athletes/Robby-Smith","http://www.teamusa.org/~/media/USA_Wrestling/Athlete-Bios/2015-Athlete-Mugs/RobbySmith150x250.jpg","M"
"Robin Prendes","rowing",73,160,27.6630136986301,"http://www.teamusa.org/us-rowing/athletes/Robin-Prendes","http://www.teamusa.org/~/media/TeamUSA/Headshots/Pam-Am-Games-2015/Rowing/Rowing_Prendes_Robin.jpg","M"
"Ruth Winder","cycling",64,127,23.0904109589041,"http://www.teamusa.org/usa-cycling/athletes/Ruth-Winder","http://www.teamusa.org/~/media/TeamUSA/Headshots/Pam-Am-Games-2015/Cycling-Women/Cycling_Road_Track_Winder_Ruth.jpg","F"
"Ryan Carlyle","rugby",66,145,26.7150684931507,"http://www.teamusa.org/usa-rugby/athletes/Ryan-Carlyle","http://www.teamusa.org/~/media/TeamUSA/Headshots/2016OlympicHopefuls/carlyle_ryan_150x250.jpg","F"
"Ryan Lochte","swimming",74,195,32.027397260274,"http://www.teamusa.org/usa-swimming/athletes/Ryan-Lochte","http://www.teamusa.org/~/media/TeamUSA/Headshots/2016OlympicTeam/Swimming/Lochte_Ryan_150x250.jpg","M"
"Ryan Murphy","swimming",75,200,21.1095890410959,"http://www.teamusa.org/para-swimming/athletes/Ryan-Murphy","http://www.teamusa.org/~/media/TeamUSA/Headshots/2016OlympicTeam/Swimming/murphy_ryan_150x250.jpg","M"
"Sam Dommer","rowing",74,202,24.9369863013699,"http://www.teamusa.org/us-rowing/athletes/Sam-Dommer","http://www.teamusa.org/~/media/TeamUSA/Rowing/Dommer_Sam/dommer_sam_150x250.jpg","M"
"Sam Dorman","diving",69,170,24.9506849315068,"http://www.teamusa.org/usa-diving/athletes/Sam-Dorman","http://www.teamusa.org/~/media/USA-Diving/Headshots/Dorman-Sam-headshot.jpg","M"
"Sam Mikulak","gymnastics",65,140,23.827397260274,"http://www.teamusa.org/usa-gymnastics/athletes/Samuel-Mikulak","http://www.teamusa.org/~/media/TeamUSA/Headshots/Pam-Am-Games-2015/Gymnastics-Men/Gymnastics_Artistic_Men_Mikulak_Samuel.jpg","M"
"Sam Ojserkis","rowing",68,122,26.386301369863,"http://www.teamusa.org/us-rowing/athletes/Sam-Ojserkis","http://www.teamusa.org/~/media/TeamUSA/Headshots/Pam-Am-Games-2015/Rowing/Rowing_Ojserkis_Samuel.jpg","M"
"Sami Hill","water polo",72,197,24.1753424657534,"http://www.teamusa.org/usa-water-polo/athletes/Sami-Hill","http://www.teamusa.org/~/media/TeamUSA/Headshots/Pam-Am-Games-2015/Water-Polo-Women/Water_Polo_Women_-Hill_Samantha.jpg","F"
"Sarah Hammer","cycling",67,145,32.9890410958904,"http://www.teamusa.org/usa-cycling/athletes/Sarah-Hammer","http://www.teamusa.org/~/media/TeamUSA/Headshots/Pam-Am-Games-2015/Cycling-Women/Cycling_Track_Hammer_Sarah.jpg","F"
"Sarah Robles","weightlifting",70,310,28.0301369863014,"http://www.teamusa.org/usa-weightlifting/athletes/Sarah-Robles","http://www.teamusa.org/~/media/TeamUSA/Images/11Hopefuls/Robles_S120x187.jpg","F"
"Sarah Scherer","shooting",67,137,25.4958904109589,"http://www.teamusa.org/usa-shooting/athletes/Sarah-Scherer","http://www.teamusa.org/~/media/TeamUSA/Shooting/Scherer_Sarah/Scherer_Sarah_150x250.jpg","F"
"Sarah True","triathlon",67,133,34.7123287671233,"https://www.teamusa.org/usa-triathlon/athletes/Sarah-Groff","http://www.teamusa.org/~/media/USA_Triathlon/Images/Athletes/Sarah-True/Sarah-True-2015.jpg","F"
"Sattawat Pongnairat","badminton",71,155,26.2630136986301,"http://www.teamusa.org/usa-badminton/athletes/Sattawat-Pongnairat","http://www.teamusa.org/~/media/USA_Badminton/Images/2016-Athlete-Headshots-for-Web/SattawatPongnairat_web.jpg","M"
"Sean Furey","track and field",74,200,33.9534246575342,"http://www.teamusa.org/usa-track-and-field/athletes/Sean-Furey","http://www.teamusa.org/~/media/USA_Paralympics/Headshots/aug-17/fureyhead.jpg","M"
"Seimone Augustus","basketball",73,165,32.2876712328767,"http://www.teamusa.org/usa-basketball/athletes/Seimone-Augustus","http://www.teamusa.org/~/media/TeamUSA/RioHeadshots/augustus_seimone_150x250.jpg","F"
"Serena Williams","tennis",70,160,34.8821917808219,"http://www.teamusa.org/usa-tennis/athletes/Serena-Williams","http://www.teamusa.org/~/media/TeamUSA/Tennis/Williams_Serena/2016/Williams_Serena_070916_150x250.jpg","F"
"Seth Weil","rowing",78,215,29.4301369863014,"http://www.teamusa.org/us-rowing/athletes/Seth-Weil","http://www.teamusa.org/~/media/TeamUSA/Rowing/Misc/Weil_Seth_150x250.jpg","M"
"Shadrack Kipchirchir","track and field",68,118,27.4684931506849,"http://www.teamusa.org/usa-track-and-field/athletes/Shadrack-Kipchirchir","http://www.teamusa.org/~/media/TeamUSA/Headshots/Pam-Am-Games-2015/Track-and-Field/Athletics_Kipchirchir_Shadrack.jpg","M"
"Shakur Stevenson","boxing",68,123,19.1178082191781,"http://www.teamusa.org/usa-boxing/athletes/Shakur-Stevenson","http://www.teamusa.org/~/media/USA_Boxing/Images/Athlete-Photos/Olympic-poster-photos/Shakur-website.jpg","M"
"Shalane Flanagan","track and field",65,105,35.1013698630137,"http://www.teamusa.org/usa-track-and-field/athletes/Shalane-Flanagan","http://www.teamusa.org/~/media/TeamUSA/TrackAndField/Flanagan_Shalane/Flanagan_Shalane_150x250.jpg","F"
"Shannon Rowbury","track and field",65,115,31.8986301369863,"http://www.teamusa.org/usa-track-and-field/athletes/Shannon-Rowbury","http://www.teamusa.org/~/media/TeamUSA/Galleries/Shannon-Rowbury-2012/Rowbury_Shannon.jpg","F"
"Simone Biles","gymnastics",56,105,19.4082191780822,"http://www.teamusa.org/usa-gymnastics/athletes/Simone-Biles","http://www.teamusa.org/~/media/TeamUSA/Headshots/2016OlympicHopefuls/Biles_Simone_150x250.jpg","F"
"Simone Manuel","swimming",70,160,20.0219178082192,"http://www.teamusa.org/usa-swimming/athletes/Simon-Manuel","http://www.teamusa.org/~/media/TeamUSA/Headshots/2016OlympicTeam/Swimming/manuel_simone_150x250.jpg","F"
"Sloane Stephens","tennis",68,142,23.3945205479452,"http://www.teamusa.org/usa-tennis/athletes/Sloane-Stephens","http://www.teamusa.org/~/media/TeamUSA/Headshots/2016OlympicHopefuls/Stephens_Sloane_150x250.jpg","F"
"Steele Johnson","diving",74,175,20.1506849315068,"http://www.teamusa.org/usa-diving/athletes/Steele-Johnson","http://www.teamusa.org/~/media/USA-Diving/Headshots/Johnson-Steele-headshot.jpg","M"
"Stefanie Fee","field hockey",66,140,26.4219178082192,"http://www.teamusa.org/usa-field-hockey/athletes/Stefanie-Fee","http://www.teamusa.org/~/media/USA_Field_Hockey/2015-USWNT/2015-16-Headshots/Fee_150x225.jpg","F"
"Steffen Peters","equestrian",68,150,51.9150684931507,"http://www.teamusa.org/us-equestrian/athletes/Steffen-Peters","http://www.teamusa.org/~/media/TeamUSA/Headshots/Pam-Am-Games-2015/Equestrian/Equestrian_Dressage_Peters_Steffen.jpg","M"
"Stephen Lambdin","taekwondo",74,240,28.427397260274,"http://www.teamusa.org/usa-taekwondo/athletes/Stephen-Lambdin","http://www.teamusa.org/~/media/USA_Taekwondo/Images/Athlete-headshots/Stephen_Lambdin.jpg","M"
"Steve Johnson","tennis",74,190,26.6328767123288,"http://www.teamusa.org/usa-tennis/athletes/Steve-Johnson","http://www.teamusa.org/~/media/TeamUSA/Headshots/2016OlympicHopefuls/Johnson_Steve_150x250.jpg","M"
"Steve Kasprzyk","rowing",79,229,34.4958904109589,"http://www.teamusa.org/us-rowing/athletes/Steve-Kasprzyk","http://www.teamusa.org/~/media/TeamUSA/Galleries/Mens-eight-2012/Steve-Kasprzyk.jpg","M"
"Steven Lopez","taekwondo",75,185,37.7643835616438,"http://www.teamusa.org/usa-taekwondo/athletes/Steven-Lopez","http://www.teamusa.org/~/media/USA_Taekwondo/Images/Athlete-headshots/GettyImages-497908742_150x250.jpg","M"
"Stu McNay","sailing",67,145,35.0356164383562,"http://www.teamusa.org/us-sailing/athletes/stuart-mcnay","http://www.teamusa.org/~/media/TeamUSA/Sailing/McNay_Hughes/Mcnay_Stuart_150x250.jpg","M"
"Sue Bird","basketball",69,147,35.827397260274,"http://www.teamusa.org/usa-basketball/athletes/Sue-Bird","http://www.teamusa.org/~/media/TeamUSA/RioHeadshots/bird_sue_150x250.jpg","F"
"Sylvia Fowles","basketball",78,200,30.8520547945205,"http://www.teamusa.org/usa-basketball/athletes/Sylvia-Fowles","http://www.teamusa.org/~/media/TeamUSA/Basketball/Headshots/fowles_sylvia_150x250_1.jpg","F"
"Tamika Catchings","basketball",74,170,37.0684931506849,"http://www.teamusa.org/usa-basketball/athletes/Tamika-Catchings","http://www.teamusa.org/~/media/TeamUSA/RioHeadshots/catchings_tamika_150x250.jpg","F"
"Taylor Phinney","cycling",77,180,26.1260273972603,"http://www.teamusa.org/usa-cycling/athletes/Taylor-Phinney","http://www.teamusa.org/~/media/TeamUSA/Images/11Hopefuls/Phinney_Taylor_150x250.jpg","F"
"Taylor Sander","volleyball",76,190,24.4027397260274,"http://www.teamusa.org/usa-volleyball/athletes/Taylor-Sander","http://www.teamusa.org/~/media/USA_Volleyball/Images/Athlete-Head-Shots/Men-Indoor/USA3TaylorSander.jpg","M"
"Tervel Dlagnev","wrestling",74,270,30.7315068493151,"http://www.teamusa.org/usa-wrestling/athletes/Tervel-Dlagnev","http://www.teamusa.org/~/media/USA_Wrestling/Athlete-Bios/2015-Athlete-Mugs/TervelDlagnev150x250.jpg","M"
"Tessa Gobbo","rowing",73,180,25.6767123287671,"http://www.teamusa.org/us-rowing/athletes/Tessa-Gobbo","http://www.teamusa.org/~/media/TeamUSA/RioHeadshots/TrackAndField/Gobbo_Tessa_150x250.jpg","F"
"Thomas Barrows III","sailing",73,181,28.7780821917808,"http://www.teamusa.org/us-sailing/athletes/Thomas-Barrows-III","http://www.teamusa.org/~/media/TeamUSA/RioHeadshots/Barrows_Thomas_150x250.jpg","M"
"Thomas Dunstan","water polo",76,200,18.8630136986301,"http://www.teamusa.org/usa-water-polo/athletes/Thomas-Dunstan","http://www.teamusa.org/~/media/TeamUSA/WaterPolo/Misc/Dunstan_Thomas_150x250.jpg","M"
"Tianna Bartoletta","track and field",66,130,30.9534246575342,"http://www.teamusa.org/usa-track-and-field/athletes/Tianna-Madison","http://www.teamusa.org/~/media/USA_Bobsled_Skeleton/Images/2012-2013-Head-shots/Tianna-Madison-web.jpg","F"
"Timothy Wang","table tennis",69,141,24.986301369863,"http://www.teamusa.org/usa-table-tennis/athletes/Timothy-Wang","http://www.teamusa.org/~/media/USA_Table_Tennis/Images/National-Team/2016/Olympic-Team/WANG_Timothy150x250.jpg","M"
"Tina Charles","basketball",75,195,27.6849315068493,"http://www.teamusa.org/usa-basketball/athletes/Tina-Charles","http://www.teamusa.org/~/media/TeamUSA/Basketball/Headshots/charles_tina_150x250_1.jpg","F"
"Tobin Heath","soccer",66,130,28.2054794520548,"http://www.teamusa.org/us-soccer/athletes/Tobin-Heath","http://www.teamusa.org/~/media/TeamUSA/Headshots/2016OlympicTeam/Soccer/Heath_Tobin_150x250.jpg","F"
"Tom Jaeschke","volleyball",78,200,22.9342465753425,"http://www.teamusa.org/usa-volleyball/athletes/Tom-Jaeschke","http://www.teamusa.org/~/media/USA_Volleyball/Images/Athlete-Head-Shots/Men-Indoor/USA10ThomasJaeschke.jpg","M"
"Tom Shields","swimming",76,190,25.0876712328767,"http://www.teamusa.org/usa-swimming/athletes/Tom-Shields","http://www.teamusa.org/~/media/TeamUSA/Headshots/2016OlympicTeam/Swimming/Shields_Tom_150x250.jpg","M"
"Tony Azevedo","water polo",73,198,34.7287671232877,"http://www.teamusa.org/usa-water-polo/athletes/Tony-Azevedo","http://www.teamusa.org/~/media/TeamUSA/Headshots/Pam-Am-Games-2015/Water-Polo-Men/Water_Polo_Men_Azevedo_Tony.jpg","M"
"Tony McQuay","track and field",71,160,26.3232876712329,"http://www.teamusa.org/usa-track-and-field/athletes/Tony-McQuay","http://www.teamusa.org/~/media/USA_Paralympics/Headshots/aug-13/mcquayhead.jpg","M"
"Tori Bowie","track and field",69,128,25.958904109589,"http://www.teamusa.org/usa-track-and-field/athletes/Tori-Bowie","http://www.teamusa.org/~/media/TeamUSA/Headshots/2016OlympicHopefuls/track_Bowie_tori_150x250_1.jpg","F"
"Townley Haas","swimming",77,185,19.6575342465753,"http://www.teamusa.org/usa-swimming/athletes/Townley-Haas","http://www.teamusa.org/~/media/TeamUSA/Headshots/2016OlympicTeam/Swimming/Haas_Townley_150x250.jpg","M"
"Tracy Eisser","rowing",73,185,26.7260273972603,"http://www.teamusa.org/us-rowing/athletes/Tracy-Eisser","http://www.teamusa.org/~/media/TeamUSA/Rowing/Eisser_Tracy/Eisser_Tracy_150x250.jpg","F"
"Travis Stevens","judo",71,178,30.4547945205479,"http://www.teamusa.org/usa-judo/athletes/Travis-Stevens","http://www.teamusa.org/~/media/TeamUSA/Images/11Hopefuls/STEVENS-TJUDO120x187.jpg","M"
"Trayvon Bromill","track and field",68,156,21.0876712328767,"http://www.teamusa.org/usa-track-and-field/athletes/Trayvon-Bromell","http://www.teamusa.org/~/media/TeamUSA/Headshots/2016OlympicHopefuls/track_Bromell_Trayvon_150x250_1.jpg","M"
"Tyler Nase","rowing",72,157,25.9506849315068,"http://www.teamusa.org/us-rowing/athletes/Tyler-Nase","http://www.teamusa.org/~/media/TeamUSA/Rowing/Misc/nase_Tyler_150x250.jpg","M"
"Tyson Gay","track and field",71,178,34.013698630137,"http://www.teamusa.org/usa-track-and-field/athletes/Tyson-Gay","http://www.teamusa.org/~/media/TeamUSA/Images/11Hopefuls/Gay_track_150x250.JPg","M"
"Victoria Folayan","rugby",65,160,31.213698630137,"http://www.teamusa.org/usa-rugby/athletes/Victoria-Folayan","http://www.teamusa.org/~/media/TeamUSA/Headshots/2016OlympicHopefuls/folayan_victoria_150x250.jpg","F"
"Vincent Hancock","shooting",68,175,27.4,"http://www.teamusa.org/usa-shooting/athletes/Vincent-Hancock","http://www.teamusa.org/~/media/TeamUSA/RioHeadshots/hancock_vincent_150x250.jpg","M"
"Virginia Thrasher","shooting",61,120,19.4465753424658,"http://www.teamusa.org/usa-shooting/athletes/Ginny-Thrasher","http://www.teamusa.org/~/media/TeamUSA/RioHeadshots/Thrasher_Ginny_150x250.jpg","F"
"Whitney Engen","soccer",67,143,28.7068493150685,"http://www.teamusa.org/us-soccer/athletes/Whitney-Engen","http://www.teamusa.org/~/media/TeamUSA/Headshots/2016OlympicTeam/Soccer/Engen_Whitney_150x250.jpg","F"
"Will Brown","shooting",67,135,24.613698630137,"http://www.teamusa.org/usa-shooting/athletes/Brown_Will","http://www.teamusa.org/~/media/TeamUSA/RioHeadshots/brown_will_150x250.jpg","M"
"Will Claye","track and field",71,160,25.1643835616438,"http://www.teamusa.org/usa-track-and-field/athletes/Will-Claye","http://www.teamusa.org/~/media/USA_Paralympics/Headshots/clayehead.jpg","M"
"Zach Garrett","archery",70,140,21.3424657534247,"http://www.teamusa.org/usa-archery/athletes/Zach-Garrett","http://www.teamusa.org/~/media/USA_Archery/June-2015/Zach-Garrett-Bio.jpg","M"
"Zack Test","rugby",75,205,26.8301369863014,"http://www.teamusa.org/usa-rugby/athletes/Zack-Test","http://www.teamusa.org/~/media/TeamUSA/Headshots/2016OlympicHopefuls/test_zack_150x250_2.jpg","M"
